dataset,scenarioType,stressLevel,factor,nOrders,replicateId,poolSeed,solveSeed,ordersFile,nominalTrucks,nominalDronesPerTruck,finalTrucks,finalDronesPerTruck,addedTrucks,addedDrones
java_v29_scale,Baseline,Baseline,1,50,1,21001,2026001,data/java_v29_scale/N50/R01.csv,10,4,,,,
java_v29_scale,Baseline,Baseline,1,50,2,21002,2026002,data/java_v29_scale/N50/R02.csv,10,4,,,,
java_v29_scale,Baseline,Baseline,1,50,3,21003,2026003,data/java_v29_scale/N50/R03.csv,10,4,,,,
java_v29_scale,Baseline,Baseline,1,50,4,21004,2026004,data/java_v29_scale/N50/R04.csv,10,4,,,,
java_v29_scale,Baseline,Baseline,1,50,5,21005,2026005,data/java_v29_scale/N50/R05.csv,10,4,,,,
java_v29_scale,Baseline,Baseline,1,50,6,21006,2026006,data/java_v29_scale/N50/R06.csv,10,4,,,,
java_v29_scale,Baseline,Baseline,1,50,7,21007,2026007,data/java_v29_scale/N50/R07.csv,10,4,,,,
java_v29_scale,Baseline,Baseline,1,50,8,21008,2026008,data/java_v29_scale/N50/R08.csv,10,4,,,,
java_v29_scale,Baseline,Baseline,1,50,9,21009,2026009,data/java_v29_scale/N50/R09.csv,10,4,,,,
java_v29_scale,Baseline,Baseline,1,50,10,21010,2026010,data/java_v29_scale/N50/R10.csv,10,4,,,,
java_v29_scale,Baseline,Baseline,1,75,1,21001,2026001,data/java_v29_scale/N75/R01.csv,15,4,,,,
java_v29_scale,Baseline,Baseline,1,75,2,21002,2026002,data/java_v29_scale/N75/R02.csv,15,4,,,,
java_v29_scale,Baseline,Baseline,1,75,3,21003,2026003,data/java_v29_scale/N75/R03.csv,15,4,,,,
java_v29_scale,Baseline,Baseline,1,75,4,21004,2026004,data/java_v29_scale/N75/R04.csv,15,4,,,,
java_v29_scale,Baseline,Baseline,1,75,5,21005,2026005,data/java_v29_scale/N75/R05.csv,15,4,,,,
java_v29_scale,Baseline,Baseline,1,75,6,21006,2026006,data/java_v29_scale/N75/R06.csv,15,4,,,,
java_v29_scale,Baseline,Baseline,1,75,7,21007,2026007,data/java_v29_scale/N75/R07.csv,15,4,,,,
java_v29_scale,Baseline,Baseline,1,75,8,21008,2026008,data/java_v29_scale/N75/R08.csv,15,4,,,,
java_v29_scale,Baseline,Baseline,1,75,9,21009,2026009,data/java_v29_scale/N75/R09.csv,15,4,,,,
java_v29_scale,Baseline,Baseline,1,75,10,21010,2026010,data/java_v29_scale/N75/R10.csv,15,4,,,,
java_v29_scale,Baseline,Baseline,1,100,1,21001,2026001,data/java_v29_scale/N100/R01.csv,20,4,,,,
java_v29_scale,Baseline,Baseline,1,100,2,21002,2026002,data/java_v29_scale/N100/R02.csv,20,4,,,,
java_v29_scale,Baseline,Baseline,1,100,3,21003,2026003,data/java_v29_scale/N100/R03.csv,20,4,,,,
java_v29_scale,Baseline,Baseline,1,100,4,21004,2026004,data/java_v29_scale/N100/R04.csv,20,4,,,,
java_v29_scale,Baseline,Baseline,1,100,5,21005,2026005,data/java_v29_scale/N100/R05.csv,20,4,,,,
java_v29_scale,Baseline,Baseline,1,100,6,21006,2026006,data/java_v29_scale/N100/R06.csv,20,4,,,,
java_v29_scale,Baseline,Baseline,1,100,7,21007,2026007,data/java_v29_scale/N100/R07.csv,20,4,,,,
java_v29_scale,Baseline,Baseline,1,100,8,21008,2026008,data/java_v29_scale/N100/R08.csv,20,4,,,,
java_v29_scale,Baseline,Baseline,1,100,9,21009,2026009,data/java_v29_scale/N100/R09.csv,20,4,,,,
java_v29_scale,Baseline,Baseline,1,100,10,21010,2026010,data/java_v29_scale/N100/R10.csv,20,4,,,,
java_v29_scale,Baseline,Baseline,1,150,1,21001,2026001,data/java_v29_scale/N150/R01.csv,30,4,,,,
java_v29_scale,Baseline,Baseline,1,150,2,21002,2026002,data/java_v29_scale/N150/R02.csv,30,4,,,,
java_v29_scale,Baseline,Baseline,1,150,3,21003,2026003,data/java_v29_scale/N150/R03.csv,30,4,,,,
java_v29_scale,Baseline,Baseline,1,150,4,21004,2026004,data/java_v29_scale/N150/R04.csv,30,4,,,,
java_v29_scale,Baseline,Baseline,1,150,5,21005,2026005,data/java_v29_scale/N150/R05.csv,30,4,,,,
java_v29_scale,Baseline,Baseline,1,150,6,21006,2026006,data/java_v29_scale/N150/R06.csv,30,4,,,,
java_v29_scale,Baseline,Baseline,1,150,7,21007,2026007,data/java_v29_scale/N150/R07.csv,30,4,,,,
java_v29_scale,Baseline,Baseline,1,150,8,21008,2026008,data/java_v29_scale/N150/R08.csv,30,4,,,,
java_v29_scale,Baseline,Baseline,1,150,9,21009,2026009,data/java_v29_scale/N150/R09.csv,30,4,,,,
java_v29_scale,Baseline,Baseline,1,150,10,21010,2026010,data/java_v29_scale/N150/R10.csv,30,4,,,,
java_v29_scale,Baseline,Baseline,1,200,1,21001,2026001,data/java_v29_scale/N200/R01.csv,40,4,,,,
java_v29_scale,Baseline,Baseline,1,200,2,21002,2026002,data/java_v29_scale/N200/R02.csv,40,4,,,,
java_v29_scale,Baseline,Baseline,1,200,3,21003,2026003,data/java_v29_scale/N200/R03.csv,40,4,,,,
java_v29_scale,Baseline,Baseline,1,200,4,21004,2026004,data/java_v29_scale/N200/R04.csv,40,4,,,,
java_v29_scale,Baseline,Baseline,1,200,5,21005,2026005,data/java_v29_scale/N200/R05.csv,40,4,,,,
java_v29_scale,Baseline,Baseline,1,200,6,21006,2026006,data/java_v29_scale/N200/R06.csv,40,4,,,,
java_v29_scale,Baseline,Baseline,1,200,7,21007,2026007,data/java_v29_scale/N200/R07.csv,40,4,,,,
java_v29_scale,Baseline,Baseline,1,200,8,21008,2026008,data/java_v29_scale/N200/R08.csv,40,4,,,,
java_v29_scale,Baseline,Baseline,1,200,9,21009,2026009,data/java_v29_scale/N200/R09.csv,40,4,,,,
java_v29_scale,Baseline,Baseline,1,200,10,21010,2026010,data/java_v29_scale/N200/R10.csv,40,4,,,,
java_v29_scale,Baseline,Baseline,1,300,1,21001,2026001,data/java_v29_scale/N300/R01.csv,60,4,,,,
java_v29_scale,Baseline,Baseline,1,300,2,21002,2026002,data/java_v29_scale/N300/R02.csv,60,4,,,,
java_v29_scale,Baseline,Baseline,1,300,3,21003,2026003,data/java_v29_scale/N300/R03.csv,60,4,,,,
java_v29_scale,Baseline,Baseline,1,300,4,21004,2026004,data/java_v29_scale/N300/R04.csv,60,4,,,,
java_v29_scale,Baseline,Baseline,1,300,5,21005,2026005,data/java_v29_scale/N300/R05.csv,60,4,,,,
java_v29_scale,Baseline,Baseline,1,300,6,21006,2026006,data/java_v29_scale/N300/R06.csv,60,4,,,,
java_v29_scale,Baseline,Baseline,1,300,7,21007,2026007,data/java_v29_scale/N300/R07.csv,60,4,,,,
java_v29_scale,Baseline,Baseline,1,300,8,21008,2026008,data/java_v29_scale/N300/R08.csv,60,4,,,,
java_v29_scale,Baseline,Baseline,1,300,9,21009,2026009,data/java_v29_scale/N300/R09.csv,60,4,,,,
java_v29_scale,Baseline,Baseline,1,300,10,21010,2026010,data/java_v29_scale/N300/R10.csv,60,4,,,,
java_v29_stress,ArrivalRate,Baseline,1.0,50,1,21001,2026001,data/java_v29_stress/ArrivalRate/Baseline/N50_R01.csv,10,4,10,4,0,0
java_v29_stress,ArrivalRate,Mild,1.25,50,1,21001,2026001,data/java_v29_stress/ArrivalRate/Mild/N50_R01.csv,10,4,10,4,0,0
java_v29_stress,ArrivalRate,Moderate,1.5,50,1,21001,2026001,data/java_v29_stress/ArrivalRate/Moderate/N50_R01.csv,10,4,10,4,0,0
java_v29_stress,ArrivalRate,Severe,2.0,50,1,21001,2026001,data/java_v29_stress/ArrivalRate/Severe/N50_R01.csv,10,4,10,4,0,0
java_v29_stress,FleetAvailability,Baseline,1.0,50,1,21001,2026001,data/java_v29_stress/FleetAvailability/Baseline/N50_R01.csv,10,4,10,4,0,0
java_v29_stress,FleetAvailability,Mild,0.8,50,1,21001,2026001,data/java_v29_stress/FleetAvailability/Mild/N50_R01.csv,8,4,8,4,0,0
java_v29_stress,FleetAvailability,Moderate,0.6,50,1,21001,2026001,data/java_v29_stress/FleetAvailability/Moderate/N50_R01.csv,6,4,6,4,0,0
java_v29_stress,FleetAvailability,Severe,0.4,50,1,21001,2026001,data/java_v29_stress/FleetAvailability/Severe/N50_R01.csv,4,4,4,4,0,0
java_v29_stress,SpatialSpread,Baseline,1.0,50,1,21001,2026001,data/java_v29_stress/SpatialSpread/Baseline/N50_R01.csv,10,4,10,4,0,0
java_v29_stress,SpatialSpread,Mild,0.75,50,1,21001,2026001,data/java_v29_stress/SpatialSpread/Mild/N50_R01.csv,10,4,10,4,0,0
java_v29_stress,SpatialSpread,Moderate,0.5,50,1,21001,2026001,data/java_v29_stress/SpatialSpread/Moderate/N50_R01.csv,10,4,10,4,0,0
java_v29_stress,SpatialSpread,Severe,0.25,50,1,21001,2026001,data/java_v29_stress/SpatialSpread/Severe/N50_R01.csv,10,4,10,4,0,0
java_v29_stress,TrafficVolatility,Baseline,0.0,50,1,21001,2026001,data/java_v29_stress/TrafficVolatility/Baseline/N50_R01.csv,10,4,10,4,0,0
java_v29_stress,TrafficVolatility,Mild,0.5,50,1,21001,2026001,data/java_v29_stress/TrafficVolatility/Mild/N50_R01.csv,10,4,10,4,0,0
java_v29_stress,TrafficVolatility,Moderate,1.0,50,1,21001,2026001,data/java_v29_stress/TrafficVolatility/Moderate/N50_R01.csv,10,4,10,4,0,0
java_v29_stress,TrafficVolatility,Severe,1.5,50,1,21001,2026001,data/java_v29_stress/TrafficVolatility/Severe/N50_R01.csv,10,4,10,4,0,0
java_v29_stress,DroneAvailability,Baseline,1.0,50,1,21001,2026001,data/java_v29_stress/DroneAvailability/Baseline/N50_R01.csv,10,4,10,4,0,0
java_v29_stress,DroneAvailability,Mild,0.75,50,1,21001,2026001,data/java_v29_stress/DroneAvailability/Mild/N50_R01.csv,10,3,10,3,0,0
java_v29_stress,DroneAvailability,Moderate,0.5,50,1,21001,2026001,data/java_v29_stress/DroneAvailability/Moderate/N50_R01.csv,10,2,10,2,0,0
java_v29_stress,DroneAvailability,Severe,0.25,50,1,21001,2026001,data/java_v29_stress/DroneAvailability/Severe/N50_R01.csv,10,1,10,1,0,0
java_v29_stress,ArrivalRate,Baseline,1.0,100,1,21001,2026001,data/java_v29_stress/ArrivalRate/Baseline/N100_R01.csv,20,4,20,4,0,0
java_v29_stress,ArrivalRate,Mild,1.25,100,1,21001,2026001,data/java_v29_stress/ArrivalRate/Mild/N100_R01.csv,20,4,20,4,0,0
java_v29_stress,ArrivalRate,Moderate,1.5,100,1,21001,2026001,data/java_v29_stress/ArrivalRate/Moderate/N100_R01.csv,20,4,20,4,0,0
java_v29_stress,ArrivalRate,Severe,2.0,100,1,21001,2026001,data/java_v29_stress/ArrivalRate/Severe/N100_R01.csv,20,4,20,4,0,0
java_v29_stress,FleetAvailability,Baseline,1.0,100,1,21001,2026001,data/java_v29_stress/FleetAvailability/Baseline/N100_R01.csv,20,4,20,4,0,0
java_v29_stress,FleetAvailability,Mild,0.8,100,1,21001,2026001,data/java_v29_stress/FleetAvailability/Mild/N100_R01.csv,16,4,16,4,0,0
java_v29_stress,FleetAvailability,Moderate,0.6,100,1,21001,2026001,data/java_v29_stress/FleetAvailability/Moderate/N100_R01.csv,12,4,12,4,0,0
java_v29_stress,FleetAvailability,Severe,0.4,100,1,21001,2026001,data/java_v29_stress/FleetAvailability/Severe/N100_R01.csv,8,4,8,4,0,0
java_v29_stress,SpatialSpread,Baseline,1.0,100,1,21001,2026001,data/java_v29_stress/SpatialSpread/Baseline/N100_R01.csv,20,4,20,4,0,0
java_v29_stress,SpatialSpread,Mild,0.75,100,1,21001,2026001,data/java_v29_stress/SpatialSpread/Mild/N100_R01.csv,20,4,20,4,0,0
java_v29_stress,SpatialSpread,Moderate,0.5,100,1,21001,2026001,data/java_v29_stress/SpatialSpread/Moderate/N100_R01.csv,20,4,20,4,0,0
java_v29_stress,SpatialSpread,Severe,0.25,100,1,21001,2026001,data/java_v29_stress/SpatialSpread/Severe/N100_R01.csv,20,4,20,4,0,0
java_v29_stress,TrafficVolatility,Baseline,0.0,100,1,21001,2026001,data/java_v29_stress/TrafficVolatility/Baseline/N100_R01.csv,20,4,20,4,0,0
java_v29_stress,TrafficVolatility,Mild,0.5,100,1,21001,2026001,data/java_v29_stress/TrafficVolatility/Mild/N100_R01.csv,20,4,20,4,0,0
java_v29_stress,TrafficVolatility,Moderate,1.0,100,1,21001,2026001,data/java_v29_stress/TrafficVolatility/Moderate/N100_R01.csv,20,4,20,4,0,0
java_v29_stress,TrafficVolatility,Severe,1.5,100,1,21001,2026001,data/java_v29_stress/TrafficVolatility/Severe/N100_R01.csv,20,4,20,4,0,0
java_v29_stress,DroneAvailability,Baseline,1.0,100,1,21001,2026001,data/java_v29_stress/DroneAvailability/Baseline/N100_R01.csv,20,4,20,4,0,0
java_v29_stress,DroneAvailability,Mild,0.75,100,1,21001,2026001,data/java_v29_stress/DroneAvailability/Mild/N100_R01.csv,20,3,20,3,0,0
java_v29_stress,DroneAvailability,Moderate,0.5,100,1,21001,2026001,data/java_v29_stress/DroneAvailability/Moderate/N100_R01.csv,20,2,20,2,0,0
java_v29_stress,DroneAvailability,Severe,0.25,100,1,21001,2026001,data/java_v29_stress/DroneAvailability/Severe/N100_R01.csv,20,1,20,1,0,0
java_v29_stress,ArrivalRate,Baseline,1.0,200,1,21001,2026001,data/java_v29_stress/ArrivalRate/Baseline/N200_R01.csv,40,4,40,4,0,0
java_v29_stress,ArrivalRate,Mild,1.25,200,1,21001,2026001,data/java_v29_stress/ArrivalRate/Mild/N200_R01.csv,40,4,40,4,0,0
java_v29_stress,ArrivalRate,Moderate,1.5,200,1,21001,2026001,data/java_v29_stress/ArrivalRate/Moderate/N200_R01.csv,40,4,40,4,0,0
java_v29_stress,ArrivalRate,Severe,2.0,200,1,21001,2026001,data/java_v29_stress/ArrivalRate/Severe/N200_R01.csv,40,4,40,4,0,0
java_v29_stress,FleetAvailability,Baseline,1.0,200,1,21001,2026001,data/java_v29_stress/FleetAvailability/Baseline/N200_R01.csv,40,4,40,4,0,0
java_v29_stress,FleetAvailability,Mild,0.8,200,1,21001,2026001,data/java_v29_stress/FleetAvailability/Mild/N200_R01.csv,32,4,32,4,0,0
java_v29_stress,FleetAvailability,Moderate,0.6,200,1,21001,2026001,data/java_v29_stress/FleetAvailability/Moderate/N200_R01.csv,24,4,24,4,0,0
java_v29_stress,FleetAvailability,Severe,0.4,200,1,21001,2026001,data/java_v29_stress/FleetAvailability/Severe/N200_R01.csv,16,4,24,4,8,32
java_v29_stress,SpatialSpread,Baseline,1.0,200,1,21001,2026001,data/java_v29_stress/SpatialSpread/Baseline/N200_R01.csv,40,4,40,4,0,0
java_v29_stress,SpatialSpread,Mild,0.75,200,1,21001,2026001,data/java_v29_stress/SpatialSpread/Mild/N200_R01.csv,40,4,40,4,0,0
java_v29_stress,SpatialSpread,Moderate,0.5,200,1,21001,2026001,data/java_v29_stress/SpatialSpread/Moderate/N200_R01.csv,40,4,40,4,0,0
java_v29_stress,SpatialSpread,Severe,0.25,200,1,21001,2026001,data/java_v29_stress/SpatialSpread/Severe/N200_R01.csv,40,4,40,4,0,0
java_v29_stress,TrafficVolatility,Baseline,0.0,200,1,21001,2026001,data/java_v29_stress/TrafficVolatility/Baseline/N200_R01.csv,40,4,40,4,0,0
java_v29_stress,TrafficVolatility,Mild,0.5,200,1,21001,2026001,data/java_v29_stress/TrafficVolatility/Mild/N200_R01.csv,40,4,40,4,0,0
java_v29_stress,TrafficVolatility,Moderate,1.0,200,1,21001,2026001,data/java_v29_stress/TrafficVolatility/Moderate/N200_R01.csv,40,4,40,4,0,0
java_v29_stress,TrafficVolatility,Severe,1.5,200,1,21001,2026001,data/java_v29_stress/TrafficVolatility/Severe/N200_R01.csv,40,4,40,4,0,0
java_v29_stress,DroneAvailability,Baseline,1.0,200,1,21001,2026001,data/java_v29_stress/DroneAvailability/Baseline/N200_R01.csv,40,4,40,4,0,0
java_v29_stress,DroneAvailability,Mild,0.75,200,1,21001,2026001,data/java_v29_stress/DroneAvailability/Mild/N200_R01.csv,40,3,40,3,0,0
java_v29_stress,DroneAvailability,Moderate,0.5,200,1,21001,2026001,data/java_v29_stress/DroneAvailability/Moderate/N200_R01.csv,40,2,40,2,0,0
java_v29_stress,DroneAvailability,Severe,0.25,200,1,21001,2026001,data/java_v29_stress/DroneAvailability/Severe/N200_R01.csv,40,1,40,1,0,0
java_v29_stress,ArrivalRate,Baseline,1.0,300,1,21001,2026001,data/java_v29_stress/ArrivalRate/Baseline/N300_R01.csv,60,4,60,4,0,0
java_v29_stress,ArrivalRate,Mild,1.25,300,1,21001,2026001,data/java_v29_stress/ArrivalRate/Mild/N300_R01.csv,60,4,60,4,0,0
java_v29_stress,ArrivalRate,Moderate,1.5,300,1,21001,2026001,data/java_v29_stress/ArrivalRate/Moderate/N300_R01.csv,60,4,60,4,0,0
java_v29_stress,ArrivalRate,Severe,2.0,300,1,21001,2026001,data/java_v29_stress/ArrivalRate/Severe/N300_R01.csv,60,4,60,4,0,0
java_v29_stress,FleetAvailability,Baseline,1.0,300,1,21001,2026001,data/java_v29_stress/FleetAvailability/Baseline/N300_R01.csv,60,4,60,4,0,0
java_v29_stress,FleetAvailability,Mild,0.8,300,1,21001,2026001,data/java_v29_stress/FleetAvailability/Mild/N300_R01.csv,48,4,48,4,0,0
java_v29_stress,FleetAvailability,Moderate,0.6,300,1,21001,2026001,data/java_v29_stress/FleetAvailability/Moderate/N300_R01.csv,36,4,36,4,0,0
java_v29_stress,FleetAvailability,Severe,0.4,300,1,21001,2026001,data/java_v29_stress/FleetAvailability/Severe/N300_R01.csv,24,4,36,4,12,48
java_v29_stress,SpatialSpread,Baseline,1.0,300,1,21001,2026001,data/java_v29_stress/SpatialSpread/Baseline/N300_R01.csv,60,4,60,4,0,0
java_v29_stress,SpatialSpread,Mild,0.75,300,1,21001,2026001,data/java_v29_stress/SpatialSpread/Mild/N300_R01.csv,60,4,60,4,0,0
java_v29_stress,SpatialSpread,Moderate,0.5,300,1,21001,2026001,data/java_v29_stress/SpatialSpread/Moderate/N300_R01.csv,60,4,60,4,0,0
java_v29_stress,SpatialSpread,Severe,0.25,300,1,21001,2026001,data/java_v29_stress/SpatialSpread/Severe/N300_R01.csv,60,4,60,4,0,0
java_v29_stress,TrafficVolatility,Baseline,0.0,300,1,21001,2026001,data/java_v29_stress/TrafficVolatility/Baseline/N300_R01.csv,60,4,60,4,0,0
java_v29_stress,TrafficVolatility,Mild,0.5,300,1,21001,2026001,data/java_v29_stress/TrafficVolatility/Mild/N300_R01.csv,60,4,60,4,0,0
java_v29_stress,TrafficVolatility,Moderate,1.0,300,1,21001,2026001,data/java_v29_stress/TrafficVolatility/Moderate/N300_R01.csv,60,4,60,4,0,0
java_v29_stress,TrafficVolatility,Severe,1.5,300,1,21001,2026001,data/java_v29_stress/TrafficVolatility/Severe/N300_R01.csv,60,4,60,4,0,0
java_v29_stress,DroneAvailability,Baseline,1.0,300,1,21001,2026001,data/java_v29_stress/DroneAvailability/Baseline/N300_R01.csv,60,4,60,4,0,0
java_v29_stress,DroneAvailability,Mild,0.75,300,1,21001,2026001,data/java_v29_stress/DroneAvailability/Mild/N300_R01.csv,60,3,60,3,0,0
java_v29_stress,DroneAvailability,Moderate,0.5,300,1,21001,2026001,data/java_v29_stress/DroneAvailability/Moderate/N300_R01.csv,60,2,60,2,0,0
java_v29_stress,DroneAvailability,Severe,0.25,300,1,21001,2026001,data/java_v29_stress/DroneAvailability/Severe/N300_R01.csv,60,1,60,1,0,0
java_v29_stress,ArrivalRate,Baseline,1.0,50,2,21002,2026002,data/java_v29_stress/ArrivalRate/Baseline/N50_R02.csv,10,4,10,4,0,0
java_v29_stress,ArrivalRate,Mild,1.25,50,2,21002,2026002,data/java_v29_stress/ArrivalRate/Mild/N50_R02.csv,10,4,10,4,0,0
java_v29_stress,ArrivalRate,Moderate,1.5,50,2,21002,2026002,data/java_v29_stress/ArrivalRate/Moderate/N50_R02.csv,10,4,10,4,0,0
java_v29_stress,ArrivalRate,Severe,2.0,50,2,21002,2026002,data/java_v29_stress/ArrivalRate/Severe/N50_R02.csv,10,4,10,4,0,0
java_v29_stress,FleetAvailability,Baseline,1.0,50,2,21002,2026002,data/java_v29_stress/FleetAvailability/Baseline/N50_R02.csv,10,4,10,4,0,0
java_v29_stress,FleetAvailability,Mild,0.8,50,2,21002,2026002,data/java_v29_stress/FleetAvailability/Mild/N50_R02.csv,8,4,8,4,0,0
java_v29_stress,FleetAvailability,Moderate,0.6,50,2,21002,2026002,data/java_v29_stress/FleetAvailability/Moderate/N50_R02.csv,6,4,6,4,0,0
java_v29_stress,FleetAvailability,Severe,0.4,50,2,21002,2026002,data/java_v29_stress/FleetAvailability/Severe/N50_R02.csv,4,4,4,4,0,0
java_v29_stress,SpatialSpread,Baseline,1.0,50,2,21002,2026002,data/java_v29_stress/SpatialSpread/Baseline/N50_R02.csv,10,4,10,4,0,0
java_v29_stress,SpatialSpread,Mild,0.75,50,2,21002,2026002,data/java_v29_stress/SpatialSpread/Mild/N50_R02.csv,10,4,10,4,0,0
java_v29_stress,SpatialSpread,Moderate,0.5,50,2,21002,2026002,data/java_v29_stress/SpatialSpread/Moderate/N50_R02.csv,10,4,10,4,0,0
java_v29_stress,SpatialSpread,Severe,0.25,50,2,21002,2026002,data/java_v29_stress/SpatialSpread/Severe/N50_R02.csv,10,4,10,4,0,0
java_v29_stress,TrafficVolatility,Baseline,0.0,50,2,21002,2026002,data/java_v29_stress/TrafficVolatility/Baseline/N50_R02.csv,10,4,10,4,0,0
java_v29_stress,TrafficVolatility,Mild,0.5,50,2,21002,2026002,data/java_v29_stress/TrafficVolatility/Mild/N50_R02.csv,10,4,10,4,0,0
java_v29_stress,TrafficVolatility,Moderate,1.0,50,2,21002,2026002,data/java_v29_stress/TrafficVolatility/Moderate/N50_R02.csv,10,4,10,4,0,0
java_v29_stress,TrafficVolatility,Severe,1.5,50,2,21002,2026002,data/java_v29_stress/TrafficVolatility/Severe/N50_R02.csv,10,4,10,4,0,0
java_v29_stress,DroneAvailability,Baseline,1.0,50,2,21002,2026002,data/java_v29_stress/DroneAvailability/Baseline/N50_R02.csv,10,4,10,4,0,0
java_v29_stress,DroneAvailability,Mild,0.75,50,2,21002,2026002,data/java_v29_stress/DroneAvailability/Mild/N50_R02.csv,10,3,10,3,0,0
java_v29_stress,DroneAvailability,Moderate,0.5,50,2,21002,2026002,data/java_v29_stress/DroneAvailability/Moderate/N50_R02.csv,10,2,10,2,0,0
java_v29_stress,DroneAvailability,Severe,0.25,50,2,21002,2026002,data/java_v29_stress/DroneAvailability/Severe/N50_R02.csv,10,1,10,1,0,0
java_v29_stress,ArrivalRate,Baseline,1.0,100,2,21002,2026002,data/java_v29_stress/ArrivalRate/Baseline/N100_R02.csv,20,4,20,4,0,0
java_v29_stress,ArrivalRate,Mild,1.25,100,2,21002,2026002,data/java_v29_stress/ArrivalRate/Mild/N100_R02.csv,20,4,20,4,0,0
java_v29_stress,ArrivalRate,Moderate,1.5,100,2,21002,2026002,data/java_v29_stress/ArrivalRate/Moderate/N100_R02.csv,20,4,20,4,0,0
java_v29_stress,ArrivalRate,Severe,2.0,100,2,21002,2026002,data/java_v29_stress/ArrivalRate/Severe/N100_R02.csv,20,4,20,4,0,0
java_v29_stress,FleetAvailability,Baseline,1.0,100,2,21002,2026002,data/java_v29_stress/FleetAvailability/Baseline/N100_R02.csv,20,4,20,4,0,0
java_v29_stress,FleetAvailability,Mild,0.8,100,2,21002,2026002,data/java_v29_stress/FleetAvailability/Mild/N100_R02.csv,16,4,16,4,0,0
java_v29_stress,FleetAvailability,Moderate,0.6,100,2,21002,2026002,data/java_v29_stress/FleetAvailability/Moderate/N100_R02.csv,12,4,12,4,0,0
java_v29_stress,FleetAvailability,Severe,0.4,100,2,21002,2026002,data/java_v29_stress/FleetAvailability/Severe/N100_R02.csv,8,4,12,4,4,16
java_v29_stress,SpatialSpread,Baseline,1.0,100,2,21002,2026002,data/java_v29_stress/SpatialSpread/Baseline/N100_R02.csv,20,4,20,4,0,0
java_v29_stress,SpatialSpread,Mild,0.75,100,2,21002,2026002,data/java_v29_stress/SpatialSpread/Mild/N100_R02.csv,20,4,20,4,0,0
java_v29_stress,SpatialSpread,Moderate,0.5,100,2,21002,2026002,data/java_v29_stress/SpatialSpread/Moderate/N100_R02.csv,20,4,20,4,0,0
java_v29_stress,SpatialSpread,Severe,0.25,100,2,21002,2026002,data/java_v29_stress/SpatialSpread/Severe/N100_R02.csv,20,4,20,4,0,0
java_v29_stress,TrafficVolatility,Baseline,0.0,100,2,21002,2026002,data/java_v29_stress/TrafficVolatility/Baseline/N100_R02.csv,20,4,20,4,0,0
java_v29_stress,TrafficVolatility,Mild,0.5,100,2,21002,2026002,data/java_v29_stress/TrafficVolatility/Mild/N100_R02.csv,20,4,20,4,0,0
java_v29_stress,TrafficVolatility,Moderate,1.0,100,2,21002,2026002,data/java_v29_stress/TrafficVolatility/Moderate/N100_R02.csv,20,4,20,4,0,0
java_v29_stress,TrafficVolatility,Severe,1.5,100,2,21002,2026002,data/java_v29_stress/TrafficVolatility/Severe/N100_R02.csv,20,4,20,4,0,0
java_v29_stress,DroneAvailability,Baseline,1.0,100,2,21002,2026002,data/java_v29_stress/DroneAvailability/Baseline/N100_R02.csv,20,4,20,4,0,0
java_v29_stress,DroneAvailability,Mild,0.75,100,2,21002,2026002,data/java_v29_stress/DroneAvailability/Mild/N100_R02.csv,20,3,20,3,0,0
java_v29_stress,DroneAvailability,Moderate,0.5,100,2,21002,2026002,data/java_v29_stress/DroneAvailability/Moderate/N100_R02.csv,20,2,20,2,0,0
java_v29_stress,DroneAvailability,Severe,0.25,100,2,21002,2026002,data/java_v29_stress/DroneAvailability/Severe/N100_R02.csv,20,1,20,1,0,0
java_v29_stress,ArrivalRate,Baseline,1.0,200,2,21002,2026002,data/java_v29_stress/ArrivalRate/Baseline/N200_R02.csv,40,4,40,4,0,0
java_v29_stress,ArrivalRate,Mild,1.25,200,2,21002,2026002,data/java_v29_stress/ArrivalRate/Mild/N200_R02.csv,40,4,40,4,0,0
java_v29_stress,ArrivalRate,Moderate,1.5,200,2,21002,2026002,data/java_v29_stress/ArrivalRate/Moderate/N200_R02.csv,40,4,40,4,0,0
java_v29_stress,ArrivalRate,Severe,2.0,200,2,21002,2026002,data/java_v29_stress/ArrivalRate/Severe/N200_R02.csv,40,4,40,4,0,0
java_v29_stress,FleetAvailability,Baseline,1.0,200,2,21002,2026002,data/java_v29_stress/FleetAvailability/Baseline/N200_R02.csv,40,4,40,4,0,0
java_v29_stress,FleetAvailability,Mild,0.8,200,2,21002,2026002,data/java_v29_stress/FleetAvailability/Mild/N200_R02.csv,32,4,32,4,0,0
java_v29_stress,FleetAvailability,Moderate,0.6,200,2,21002,2026002,data/java_v29_stress/FleetAvailability/Moderate/N200_R02.csv,24,4,24,4,0,0
java_v29_stress,FleetAvailability,Severe,0.4,200,2,21002,2026002,data/java_v29_stress/FleetAvailability/Severe/N200_R02.csv,16,4,24,4,8,32
java_v29_stress,SpatialSpread,Baseline,1.0,200,2,21002,2026002,data/java_v29_stress/SpatialSpread/Baseline/N200_R02.csv,40,4,40,4,0,0
java_v29_stress,SpatialSpread,Mild,0.75,200,2,21002,2026002,data/java_v29_stress/SpatialSpread/Mild/N200_R02.csv,40,4,40,4,0,0
java_v29_stress,SpatialSpread,Moderate,0.5,200,2,21002,2026002,data/java_v29_stress/SpatialSpread/Moderate/N200_R02.csv,40,4,40,4,0,0
java_v29_stress,SpatialSpread,Severe,0.25,200,2,21002,2026002,data/java_v29_stress/SpatialSpread/Severe/N200_R02.csv,40,4,40,4,0,0
java_v29_stress,TrafficVolatility,Baseline,0.0,200,2,21002,2026002,data/java_v29_stress/TrafficVolatility/Baseline/N200_R02.csv,40,4,40,4,0,0
java_v29_stress,TrafficVolatility,Mild,0.5,200,2,21002,2026002,data/java_v29_stress/TrafficVolatility/Mild/N200_R02.csv,40,4,40,4,0,0
java_v29_stress,TrafficVolatility,Moderate,1.0,200,2,21002,2026002,data/java_v29_stress/TrafficVolatility/Moderate/N200_R02.csv,40,4,40,4,0,0
java_v29_stress,TrafficVolatility,Severe,1.5,200,2,21002,2026002,data/java_v29_stress/TrafficVolatility/Severe/N200_R02.csv,40,4,40,4,0,0
java_v29_stress,DroneAvailability,Baseline,1.0,200,2,21002,2026002,data/java_v29_stress/DroneAvailability/Baseline/N200_R02.csv,40,4,40,4,0,0
java_v29_stress,DroneAvailability,Mild,0.75,200,2,21002,2026002,data/java_v29_stress/DroneAvailability/Mild/N200_R02.csv,40,3,40,3,0,0
java_v29_stress,DroneAvailability,Moderate,0.5,200,2,21002,2026002,data/java_v29_stress/DroneAvailability/Moderate/N200_R02.csv,40,2,40,2,0,0
java_v29_stress,DroneAvailability,Severe,0.25,200,2,21002,2026002,data/java_v29_stress/DroneAvailability/Severe/N200_R02.csv,40,1,40,1,0,0
java_v29_stress,ArrivalRate,Baseline,1.0,300,2,21002,2026002,data/java_v29_stress/ArrivalRate/Baseline/N300_R02.csv,60,4,60,4,0,0
java_v29_stress,ArrivalRate,Mild,1.25,300,2,21002,2026002,data/java_v29_stress/ArrivalRate/Mild/N300_R02.csv,60,4,60,4,0,0
java_v29_stress,ArrivalRate,Moderate,1.5,300,2,21002,2026002,data/java_v29_stress/ArrivalRate/Moderate/N300_R02.csv,60,4,60,4,0,0
java_v29_stress,ArrivalRate,Severe,2.0,300,2,21002,2026002,data/java_v29_stress/ArrivalRate/Severe/N300_R02.csv,60,4,60,4,0,0
java_v29_stress,FleetAvailability,Baseline,1.0,300,2,21002,2026002,data/java_v29_stress/FleetAvailability/Baseline/N300_R02.csv,60,4,60,4,0,0
java_v29_stress,FleetAvailability,Mild,0.8,300,2,21002,2026002,data/java_v29_stress/FleetAvailability/Mild/N300_R02.csv,48,4,48,4,0,0
java_v29_stress,FleetAvailability,Moderate,0.6,300,2,21002,2026002,data/java_v29_stress/FleetAvailability/Moderate/N300_R02.csv,36,4,36,4,0,0
java_v29_stress,FleetAvailability,Severe,0.4,300,2,21002,2026002,data/java_v29_stress/FleetAvailability/Severe/N300_R02.csv,24,4,36,4,12,48
java_v29_stress,SpatialSpread,Baseline,1.0,300,2,21002,2026002,data/java_v29_stress/SpatialSpread/Baseline/N300_R02.csv,60,4,60,4,0,0
java_v29_stress,SpatialSpread,Mild,0.75,300,2,21002,2026002,data/java_v29_stress/SpatialSpread/Mild/N300_R02.csv,60,4,60,4,0,0
java_v29_stress,SpatialSpread,Moderate,0.5,300,2,21002,2026002,data/java_v29_stress/SpatialSpread/Moderate/N300_R02.csv,60,4,60,4,0,0
java_v29_stress,SpatialSpread,Severe,0.25,300,2,21002,2026002,data/java_v29_stress/SpatialSpread/Severe/N300_R02.csv,60,4,60,4,0,0
java_v29_stress,TrafficVolatility,Baseline,0.0,300,2,21002,2026002,data/java_v29_stress/TrafficVolatility/Baseline/N300_R02.csv,60,4,60,4,0,0
java_v29_stress,TrafficVolatility,Mild,0.5,300,2,21002,2026002,data/java_v29_stress/TrafficVolatility/Mild/N300_R02.csv,60,4,60,4,0,0
java_v29_stress,TrafficVolatility,Moderate,1.0,300,2,21002,2026002,data/java_v29_stress/TrafficVolatility/Moderate/N300_R02.csv,60,4,60,4,0,0
java_v29_stress,TrafficVolatility,Severe,1.5,300,2,21002,2026002,data/java_v29_stress/TrafficVolatility/Severe/N300_R02.csv,60,4,60,4,0,0
java_v29_stress,DroneAvailability,Baseline,1.0,300,2,21002,2026002,data/java_v29_stress/DroneAvailability/Baseline/N300_R02.csv,60,4,60,4,0,0
java_v29_stress,DroneAvailability,Mild,0.75,300,2,21002,2026002,data/java_v29_stress/DroneAvailability/Mild/N300_R02.csv,60,3,60,3,0,0
java_v29_stress,DroneAvailability,Moderate,0.5,300,2,21002,2026002,data/java_v29_stress/DroneAvailability/Moderate/N300_R02.csv,60,2,60,2,0,0
java_v29_stress,DroneAvailability,Severe,0.25,300,2,21002,2026002,data/java_v29_stress/DroneAvailability/Severe/N300_R02.csv,60,1,60,1,0,0
java_v29_stress,ArrivalRate,Baseline,1.0,50,3,21003,2026003,data/java_v29_stress/ArrivalRate/Baseline/N50_R03.csv,10,4,10,4,0,0
java_v29_stress,ArrivalRate,Mild,1.25,50,3,21003,2026003,data/java_v29_stress/ArrivalRate/Mild/N50_R03.csv,10,4,10,4,0,0
java_v29_stress,ArrivalRate,Moderate,1.5,50,3,21003,2026003,data/java_v29_stress/ArrivalRate/Moderate/N50_R03.csv,10,4,10,4,0,0
java_v29_stress,ArrivalRate,Severe,2.0,50,3,21003,2026003,data/java_v29_stress/ArrivalRate/Severe/N50_R03.csv,10,4,10,4,0,0
java_v29_stress,FleetAvailability,Baseline,1.0,50,3,21003,2026003,data/java_v29_stress/FleetAvailability/Baseline/N50_R03.csv,10,4,10,4,0,0
java_v29_stress,FleetAvailability,Mild,0.8,50,3,21003,2026003,data/java_v29_stress/FleetAvailability/Mild/N50_R03.csv,8,4,8,4,0,0
java_v29_stress,FleetAvailability,Moderate,0.6,50,3,21003,2026003,data/java_v29_stress/FleetAvailability/Moderate/N50_R03.csv,6,4,6,4,0,0
java_v29_stress,FleetAvailability,Severe,0.4,50,3,21003,2026003,data/java_v29_stress/FleetAvailability/Severe/N50_R03.csv,4,4,4,4,0,0
java_v29_stress,SpatialSpread,Baseline,1.0,50,3,21003,2026003,data/java_v29_stress/SpatialSpread/Baseline/N50_R03.csv,10,4,10,4,0,0
java_v29_stress,SpatialSpread,Mild,0.75,50,3,21003,2026003,data/java_v29_stress/SpatialSpread/Mild/N50_R03.csv,10,4,10,4,0,0
java_v29_stress,SpatialSpread,Moderate,0.5,50,3,21003,2026003,data/java_v29_stress/SpatialSpread/Moderate/N50_R03.csv,10,4,10,4,0,0
java_v29_stress,SpatialSpread,Severe,0.25,50,3,21003,2026003,data/java_v29_stress/SpatialSpread/Severe/N50_R03.csv,10,4,10,4,0,0
java_v29_stress,TrafficVolatility,Baseline,0.0,50,3,21003,2026003,data/java_v29_stress/TrafficVolatility/Baseline/N50_R03.csv,10,4,10,4,0,0
java_v29_stress,TrafficVolatility,Mild,0.5,50,3,21003,2026003,data/java_v29_stress/TrafficVolatility/Mild/N50_R03.csv,10,4,10,4,0,0
java_v29_stress,TrafficVolatility,Moderate,1.0,50,3,21003,2026003,data/java_v29_stress/TrafficVolatility/Moderate/N50_R03.csv,10,4,10,4,0,0
java_v29_stress,TrafficVolatility,Severe,1.5,50,3,21003,2026003,data/java_v29_stress/TrafficVolatility/Severe/N50_R03.csv,10,4,10,4,0,0
java_v29_stress,DroneAvailability,Baseline,1.0,50,3,21003,2026003,data/java_v29_stress/DroneAvailability/Baseline/N50_R03.csv,10,4,10,4,0,0
java_v29_stress,DroneAvailability,Mild,0.75,50,3,21003,2026003,data/java_v29_stress/DroneAvailability/Mild/N50_R03.csv,10,3,10,3,0,0
java_v29_stress,DroneAvailability,Moderate,0.5,50,3,21003,2026003,data/java_v29_stress/DroneAvailability/Moderate/N50_R03.csv,10,2,10,2,0,0
java_v29_stress,DroneAvailability,Severe,0.25,50,3,21003,2026003,data/java_v29_stress/DroneAvailability/Severe/N50_R03.csv,10,1,10,1,0,0
java_v29_stress,ArrivalRate,Baseline,1.0,100,3,21003,2026003,data/java_v29_stress/ArrivalRate/Baseline/N100_R03.csv,20,4,20,4,0,0
java_v29_stress,ArrivalRate,Mild,1.25,100,3,21003,2026003,data/java_v29_stress/ArrivalRate/Mild/N100_R03.csv,20,4,20,4,0,0
java_v29_stress,ArrivalRate,Moderate,1.5,100,3,21003,2026003,data/java_v29_stress/ArrivalRate/Moderate/N100_R03.csv,20,4,20,4,0,0
java_v29_stress,ArrivalRate,Severe,2.0,100,3,21003,2026003,data/java_v29_stress/ArrivalRate/Severe/N100_R03.csv,20,4,20,4,0,0
java_v29_stress,FleetAvailability,Baseline,1.0,100,3,21003,2026003,data/java_v29_stress/FleetAvailability/Baseline/N100_R03.csv,20,4,20,4,0,0
java_v29_stress,FleetAvailability,Mild,0.8,100,3,21003,2026003,data/java_v29_stress/FleetAvailability/Mild/N100_R03.csv,16,4,16,4,0,0
java_v29_stress,FleetAvailability,Moderate,0.6,100,3,21003,2026003,data/java_v29_stress/FleetAvailability/Moderate/N100_R03.csv,12,4,12,4,0,0
java_v29_stress,FleetAvailability,Severe,0.4,100,3,21003,2026003,data/java_v29_stress/FleetAvailability/Severe/N100_R03.csv,8,4,8,4,0,0
java_v29_stress,SpatialSpread,Baseline,1.0,100,3,21003,2026003,data/java_v29_stress/SpatialSpread/Baseline/N100_R03.csv,20,4,20,4,0,0
java_v29_stress,SpatialSpread,Mild,0.75,100,3,21003,2026003,data/java_v29_stress/SpatialSpread/Mild/N100_R03.csv,20,4,20,4,0,0
java_v29_stress,SpatialSpread,Moderate,0.5,100,3,21003,2026003,data/java_v29_stress/SpatialSpread/Moderate/N100_R03.csv,20,4,20,4,0,0
java_v29_stress,SpatialSpread,Severe,0.25,100,3,21003,2026003,data/java_v29_stress/SpatialSpread/Severe/N100_R03.csv,20,4,20,4,0,0
java_v29_stress,TrafficVolatility,Baseline,0.0,100,3,21003,2026003,data/java_v29_stress/TrafficVolatility/Baseline/N100_R03.csv,20,4,20,4,0,0
java_v29_stress,TrafficVolatility,Mild,0.5,100,3,21003,2026003,data/java_v29_stress/TrafficVolatility/Mild/N100_R03.csv,20,4,20,4,0,0
java_v29_stress,TrafficVolatility,Moderate,1.0,100,3,21003,2026003,data/java_v29_stress/TrafficVolatility/Moderate/N100_R03.csv,20,4,20,4,0,0
java_v29_stress,TrafficVolatility,Severe,1.5,100,3,21003,2026003,data/java_v29_stress/TrafficVolatility/Severe/N100_R03.csv,20,4,20,4,0,0
java_v29_stress,DroneAvailability,Baseline,1.0,100,3,21003,2026003,data/java_v29_stress/DroneAvailability/Baseline/N100_R03.csv,20,4,20,4,0,0
java_v29_stress,DroneAvailability,Mild,0.75,100,3,21003,2026003,data/java_v29_stress/DroneAvailability/Mild/N100_R03.csv,20,3,20,3,0,0
java_v29_stress,DroneAvailability,Moderate,0.5,100,3,21003,2026003,data/java_v29_stress/DroneAvailability/Moderate/N100_R03.csv,20,2,20,2,0,0
java_v29_stress,DroneAvailability,Severe,0.25,100,3,21003,2026003,data/java_v29_stress/DroneAvailability/Severe/N100_R03.csv,20,1,20,1,0,0
java_v29_stress,ArrivalRate,Baseline,1.0,200,3,21003,2026003,data/java_v29_stress/ArrivalRate/Baseline/N200_R03.csv,40,4,40,4,0,0
java_v29_stress,ArrivalRate,Mild,1.25,200,3,21003,2026003,data/java_v29_stress/ArrivalRate/Mild/N200_R03.csv,40,4,40,4,0,0
java_v29_stress,ArrivalRate,Moderate,1.5,200,3,21003,2026003,data/java_v29_stress/ArrivalRate/Moderate/N200_R03.csv,40,4,40,4,0,0
java_v29_stress,ArrivalRate,Severe,2.0,200,3,21003,2026003,data/java_v29_stress/ArrivalRate/Severe/N200_R03.csv,40,4,40,4,0,0
java_v29_stress,FleetAvailability,Baseline,1.0,200,3,21003,2026003,data/java_v29_stress/FleetAvailability/Baseline/N200_R03.csv,40,4,40,4,0,0
java_v29_stress,FleetAvailability,Mild,0.8,200,3,21003,2026003,data/java_v29_stress/FleetAvailability/Mild/N200_R03.csv,32,4,32,4,0,0
java_v29_stress,FleetAvailability,Moderate,0.6,200,3,21003,2026003,data/java_v29_stress/FleetAvailability/Moderate/N200_R03.csv,24,4,24,4,0,0
java_v29_stress,FleetAvailability,Severe,0.4,200,3,21003,2026003,data/java_v29_stress/FleetAvailability/Severe/N200_R03.csv,16,4,24,4,8,32
java_v29_stress,SpatialSpread,Baseline,1.0,200,3,21003,2026003,data/java_v29_stress/SpatialSpread/Baseline/N200_R03.csv,40,4,40,4,0,0
java_v29_stress,SpatialSpread,Mild,0.75,200,3,21003,2026003,data/java_v29_stress/SpatialSpread/Mild/N200_R03.csv,40,4,40,4,0,0
java_v29_stress,SpatialSpread,Moderate,0.5,200,3,21003,2026003,data/java_v29_stress/SpatialSpread/Moderate/N200_R03.csv,40,4,40,4,0,0
java_v29_stress,SpatialSpread,Severe,0.25,200,3,21003,2026003,data/java_v29_stress/SpatialSpread/Severe/N200_R03.csv,40,4,40,4,0,0
java_v29_stress,TrafficVolatility,Baseline,0.0,200,3,21003,2026003,data/java_v29_stress/TrafficVolatility/Baseline/N200_R03.csv,40,4,40,4,0,0
java_v29_stress,TrafficVolatility,Mild,0.5,200,3,21003,2026003,data/java_v29_stress/TrafficVolatility/Mild/N200_R03.csv,40,4,40,4,0,0
java_v29_stress,TrafficVolatility,Moderate,1.0,200,3,21003,2026003,data/java_v29_stress/TrafficVolatility/Moderate/N200_R03.csv,40,4,40,4,0,0
java_v29_stress,TrafficVolatility,Severe,1.5,200,3,21003,2026003,data/java_v29_stress/TrafficVolatility/Severe/N200_R03.csv,40,4,40,4,0,0
java_v29_stress,DroneAvailability,Baseline,1.0,200,3,21003,2026003,data/java_v29_stress/DroneAvailability/Baseline/N200_R03.csv,40,4,40,4,0,0
java_v29_stress,DroneAvailability,Mild,0.75,200,3,21003,2026003,data/java_v29_stress/DroneAvailability/Mild/N200_R03.csv,40,3,40,3,0,0
java_v29_stress,DroneAvailability,Moderate,0.5,200,3,21003,2026003,data/java_v29_stress/DroneAvailability/Moderate/N200_R03.csv,40,2,40,2,0,0
java_v29_stress,DroneAvailability,Severe,0.25,200,3,21003,2026003,data/java_v29_stress/DroneAvailability/Severe/N200_R03.csv,40,1,40,1,0,0
java_v29_stress,ArrivalRate,Baseline,1.0,300,3,21003,2026003,data/java_v29_stress/ArrivalRate/Baseline/N300_R03.csv,60,4,60,4,0,0
java_v29_stress,ArrivalRate,Mild,1.25,300,3,21003,2026003,data/java_v29_stress/ArrivalRate/Mild/N300_R03.csv,60,4,60,4,0,0
java_v29_stress,ArrivalRate,Moderate,1.5,300,3,21003,2026003,data/java_v29_stress/ArrivalRate/Moderate/N300_R03.csv,60,4,60,4,0,0
java_v29_stress,ArrivalRate,Severe,2.0,300,3,21003,2026003,data/java_v29_stress/ArrivalRate/Severe/N300_R03.csv,60,4,60,4,0,0
java_v29_stress,FleetAvailability,Baseline,1.0,300,3,21003,2026003,data/java_v29_stress/FleetAvailability/Baseline/N300_R03.csv,60,4,60,4,0,0
java_v29_stress,FleetAvailability,Mild,0.8,300,3,21003,2026003,data/java_v29_stress/FleetAvailability/Mild/N300_R03.csv,48,4,48,4,0,0
java_v29_stress,FleetAvailability,Moderate,0.6,300,3,21003,2026003,data/java_v29_stress/FleetAvailability/Moderate/N300_R03.csv,36,4,36,4,0,0
java_v29_stress,FleetAvailability,Severe,0.4,300,3,21003,2026003,data/java_v29_stress/FleetAvailability/Severe/N300_R03.csv,24,4,36,4,12,48
java_v29_stress,SpatialSpread,Baseline,1.0,300,3,21003,2026003,data/java_v29_stress/SpatialSpread/Baseline/N300_R03.csv,60,4,60,4,0,0
java_v29_stress,SpatialSpread,Mild,0.75,300,3,21003,2026003,data/java_v29_stress/SpatialSpread/Mild/N300_R03.csv,60,4,60,4,0,0
java_v29_stress,SpatialSpread,Moderate,0.5,300,3,21003,2026003,data/java_v29_stress/SpatialSpread/Moderate/N300_R03.csv,60,4,60,4,0,0
java_v29_stress,SpatialSpread,Severe,0.25,300,3,21003,2026003,data/java_v29_stress/SpatialSpread/Severe/N300_R03.csv,60,4,60,4,0,0
java_v29_stress,TrafficVolatility,Baseline,0.0,300,3,21003,2026003,data/java_v29_stress/TrafficVolatility/Baseline/N300_R03.csv,60,4,60,4,0,0
java_v29_stress,TrafficVolatility,Mild,0.5,300,3,21003,2026003,data/java_v29_stress/TrafficVolatility/Mild/N300_R03.csv,60,4,60,4,0,0
java_v29_stress,TrafficVolatility,Moderate,1.0,300,3,21003,2026003,data/java_v29_stress/TrafficVolatility/Moderate/N300_R03.csv,60,4,60,4,0,0
java_v29_stress,TrafficVolatility,Severe,1.5,300,3,21003,2026003,data/java_v29_stress/TrafficVolatility/Severe/N300_R03.csv,60,4,60,4,0,0
java_v29_stress,DroneAvailability,Baseline,1.0,300,3,21003,2026003,data/java_v29_stress/DroneAvailability/Baseline/N300_R03.csv,60,4,60,4,0,0
java_v29_stress,DroneAvailability,Mild,0.75,300,3,21003,2026003,data/java_v29_stress/DroneAvailability/Mild/N300_R03.csv,60,3,60,3,0,0
java_v29_stress,DroneAvailability,Moderate,0.5,300,3,21003,2026003,data/java_v29_stress/DroneAvailability/Moderate/N300_R03.csv,60,2,60,2,0,0
java_v29_stress,DroneAvailability,Severe,0.25,300,3,21003,2026003,data/java_v29_stress/DroneAvailability/Severe/N300_R03.csv,60,1,60,1,0,0
java_v29_stress,ArrivalRate,Baseline,1.0,50,4,21004,2026004,data/java_v29_stress/ArrivalRate/Baseline/N50_R04.csv,10,4,10,4,0,0
java_v29_stress,ArrivalRate,Mild,1.25,50,4,21004,2026004,data/java_v29_stress/ArrivalRate/Mild/N50_R04.csv,10,4,10,4,0,0
java_v29_stress,ArrivalRate,Moderate,1.5,50,4,21004,2026004,data/java_v29_stress/ArrivalRate/Moderate/N50_R04.csv,10,4,10,4,0,0
java_v29_stress,ArrivalRate,Severe,2.0,50,4,21004,2026004,data/java_v29_stress/ArrivalRate/Severe/N50_R04.csv,10,4,10,4,0,0
java_v29_stress,FleetAvailability,Baseline,1.0,50,4,21004,2026004,data/java_v29_stress/FleetAvailability/Baseline/N50_R04.csv,10,4,10,4,0,0
java_v29_stress,FleetAvailability,Mild,0.8,50,4,21004,2026004,data/java_v29_stress/FleetAvailability/Mild/N50_R04.csv,8,4,8,4,0,0
java_v29_stress,FleetAvailability,Moderate,0.6,50,4,21004,2026004,data/java_v29_stress/FleetAvailability/Moderate/N50_R04.csv,6,4,6,4,0,0
java_v29_stress,FleetAvailability,Severe,0.4,50,4,21004,2026004,data/java_v29_stress/FleetAvailability/Severe/N50_R04.csv,4,4,4,4,0,0
java_v29_stress,SpatialSpread,Baseline,1.0,50,4,21004,2026004,data/java_v29_stress/SpatialSpread/Baseline/N50_R04.csv,10,4,10,4,0,0
java_v29_stress,SpatialSpread,Mild,0.75,50,4,21004,2026004,data/java_v29_stress/SpatialSpread/Mild/N50_R04.csv,10,4,10,4,0,0
java_v29_stress,SpatialSpread,Moderate,0.5,50,4,21004,2026004,data/java_v29_stress/SpatialSpread/Moderate/N50_R04.csv,10,4,10,4,0,0
java_v29_stress,SpatialSpread,Severe,0.25,50,4,21004,2026004,data/java_v29_stress/SpatialSpread/Severe/N50_R04.csv,10,4,10,4,0,0
java_v29_stress,TrafficVolatility,Baseline,0.0,50,4,21004,2026004,data/java_v29_stress/TrafficVolatility/Baseline/N50_R04.csv,10,4,10,4,0,0
java_v29_stress,TrafficVolatility,Mild,0.5,50,4,21004,2026004,data/java_v29_stress/TrafficVolatility/Mild/N50_R04.csv,10,4,10,4,0,0
java_v29_stress,TrafficVolatility,Moderate,1.0,50,4,21004,2026004,data/java_v29_stress/TrafficVolatility/Moderate/N50_R04.csv,10,4,10,4,0,0
java_v29_stress,TrafficVolatility,Severe,1.5,50,4,21004,2026004,data/java_v29_stress/TrafficVolatility/Severe/N50_R04.csv,10,4,10,4,0,0
java_v29_stress,DroneAvailability,Baseline,1.0,50,4,21004,2026004,data/java_v29_stress/DroneAvailability/Baseline/N50_R04.csv,10,4,10,4,0,0
java_v29_stress,DroneAvailability,Mild,0.75,50,4,21004,2026004,data/java_v29_stress/DroneAvailability/Mild/N50_R04.csv,10,3,10,3,0,0
java_v29_stress,DroneAvailability,Moderate,0.5,50,4,21004,2026004,data/java_v29_stress/DroneAvailability/Moderate/N50_R04.csv,10,2,10,2,0,0
java_v29_stress,DroneAvailability,Severe,0.25,50,4,21004,2026004,data/java_v29_stress/DroneAvailability/Severe/N50_R04.csv,10,1,10,1,0,0
java_v29_stress,ArrivalRate,Baseline,1.0,100,4,21004,2026004,data/java_v29_stress/ArrivalRate/Baseline/N100_R04.csv,20,4,20,4,0,0
java_v29_stress,ArrivalRate,Mild,1.25,100,4,21004,2026004,data/java_v29_stress/ArrivalRate/Mild/N100_R04.csv,20,4,20,4,0,0
java_v29_stress,ArrivalRate,Moderate,1.5,100,4,21004,2026004,data/java_v29_stress/ArrivalRate/Moderate/N100_R04.csv,20,4,20,4,0,0
java_v29_stress,ArrivalRate,Severe,2.0,100,4,21004,2026004,data/java_v29_stress/ArrivalRate/Severe/N100_R04.csv,20,4,20,4,0,0
java_v29_stress,FleetAvailability,Baseline,1.0,100,4,21004,2026004,data/java_v29_stress/FleetAvailability/Baseline/N100_R04.csv,20,4,20,4,0,0
java_v29_stress,FleetAvailability,Mild,0.8,100,4,21004,2026004,data/java_v29_stress/FleetAvailability/Mild/N100_R04.csv,16,4,16,4,0,0
java_v29_stress,FleetAvailability,Moderate,0.6,100,4,21004,2026004,data/java_v29_stress/FleetAvailability/Moderate/N100_R04.csv,12,4,12,4,0,0
java_v29_stress,FleetAvailability,Severe,0.4,100,4,21004,2026004,data/java_v29_stress/FleetAvailability/Severe/N100_R04.csv,8,4,12,4,4,16
java_v29_stress,SpatialSpread,Baseline,1.0,100,4,21004,2026004,data/java_v29_stress/SpatialSpread/Baseline/N100_R04.csv,20,4,20,4,0,0
java_v29_stress,SpatialSpread,Mild,0.75,100,4,21004,2026004,data/java_v29_stress/SpatialSpread/Mild/N100_R04.csv,20,4,20,4,0,0
java_v29_stress,SpatialSpread,Moderate,0.5,100,4,21004,2026004,data/java_v29_stress/SpatialSpread/Moderate/N100_R04.csv,20,4,20,4,0,0
java_v29_stress,SpatialSpread,Severe,0.25,100,4,21004,2026004,data/java_v29_stress/SpatialSpread/Severe/N100_R04.csv,20,4,20,4,0,0
java_v29_stress,TrafficVolatility,Baseline,0.0,100,4,21004,2026004,data/java_v29_stress/TrafficVolatility/Baseline/N100_R04.csv,20,4,20,4,0,0
java_v29_stress,TrafficVolatility,Mild,0.5,100,4,21004,2026004,data/java_v29_stress/TrafficVolatility/Mild/N100_R04.csv,20,4,20,4,0,0
java_v29_stress,TrafficVolatility,Moderate,1.0,100,4,21004,2026004,data/java_v29_stress/TrafficVolatility/Moderate/N100_R04.csv,20,4,20,4,0,0
java_v29_stress,TrafficVolatility,Severe,1.5,100,4,21004,2026004,data/java_v29_stress/TrafficVolatility/Severe/N100_R04.csv,20,4,20,4,0,0
java_v29_stress,DroneAvailability,Baseline,1.0,100,4,21004,2026004,data/java_v29_stress/DroneAvailability/Baseline/N100_R04.csv,20,4,20,4,0,0
java_v29_stress,DroneAvailability,Mild,0.75,100,4,21004,2026004,data/java_v29_stress/DroneAvailability/Mild/N100_R04.csv,20,3,20,3,0,0
java_v29_stress,DroneAvailability,Moderate,0.5,100,4,21004,2026004,data/java_v29_stress/DroneAvailability/Moderate/N100_R04.csv,20,2,20,2,0,0
java_v29_stress,DroneAvailability,Severe,0.25,100,4,21004,2026004,data/java_v29_stress/DroneAvailability/Severe/N100_R04.csv,20,1,20,1,0,0
java_v29_stress,ArrivalRate,Baseline,1.0,200,4,21004,2026004,data/java_v29_stress/ArrivalRate/Baseline/N200_R04.csv,40,4,40,4,0,0
java_v29_stress,ArrivalRate,Mild,1.25,200,4,21004,2026004,data/java_v29_stress/ArrivalRate/Mild/N200_R04.csv,40,4,40,4,0,0
java_v29_stress,ArrivalRate,Moderate,1.5,200,4,21004,2026004,data/java_v29_stress/ArrivalRate/Moderate/N200_R04.csv,40,4,40,4,0,0
java_v29_stress,ArrivalRate,Severe,2.0,200,4,21004,2026004,data/java_v29_stress/ArrivalRate/Severe/N200_R04.csv,40,4,40,4,0,0
java_v29_stress,FleetAvailability,Baseline,1.0,200,4,21004,2026004,data/java_v29_stress/FleetAvailability/Baseline/N200_R04.csv,40,4,40,4,0,0
java_v29_stress,FleetAvailability,Mild,0.8,200,4,21004,2026004,data/java_v29_stress/FleetAvailability/Mild/N200_R04.csv,32,4,32,4,0,0
java_v29_stress,FleetAvailability,Moderate,0.6,200,4,21004,2026004,data/java_v29_stress/FleetAvailability/Moderate/N200_R04.csv,24,4,24,4,0,0
java_v29_stress,FleetAvailability,Severe,0.4,200,4,21004,2026004,data/java_v29_stress/FleetAvailability/Severe/N200_R04.csv,16,4,16,4,0,0
java_v29_stress,SpatialSpread,Baseline,1.0,200,4,21004,2026004,data/java_v29_stress/SpatialSpread/Baseline/N200_R04.csv,40,4,40,4,0,0
java_v29_stress,SpatialSpread,Mild,0.75,200,4,21004,2026004,data/java_v29_stress/SpatialSpread/Mild/N200_R04.csv,40,4,40,4,0,0
java_v29_stress,SpatialSpread,Moderate,0.5,200,4,21004,2026004,data/java_v29_stress/SpatialSpread/Moderate/N200_R04.csv,40,4,40,4,0,0
java_v29_stress,SpatialSpread,Severe,0.25,200,4,21004,2026004,data/java_v29_stress/SpatialSpread/Severe/N200_R04.csv,40,4,40,4,0,0
java_v29_stress,TrafficVolatility,Baseline,0.0,200,4,21004,2026004,data/java_v29_stress/TrafficVolatility/Baseline/N200_R04.csv,40,4,40,4,0,0
java_v29_stress,TrafficVolatility,Mild,0.5,200,4,21004,2026004,data/java_v29_stress/TrafficVolatility/Mild/N200_R04.csv,40,4,40,4,0,0
java_v29_stress,TrafficVolatility,Moderate,1.0,200,4,21004,2026004,data/java_v29_stress/TrafficVolatility/Moderate/N200_R04.csv,40,4,40,4,0,0
java_v29_stress,TrafficVolatility,Severe,1.5,200,4,21004,2026004,data/java_v29_stress/TrafficVolatility/Severe/N200_R04.csv,40,4,40,4,0,0
java_v29_stress,DroneAvailability,Baseline,1.0,200,4,21004,2026004,data/java_v29_stress/DroneAvailability/Baseline/N200_R04.csv,40,4,40,4,0,0
java_v29_stress,DroneAvailability,Mild,0.75,200,4,21004,2026004,data/java_v29_stress/DroneAvailability/Mild/N200_R04.csv,40,3,40,3,0,0
java_v29_stress,DroneAvailability,Moderate,0.5,200,4,21004,2026004,data/java_v29_stress/DroneAvailability/Moderate/N200_R04.csv,40,2,40,2,0,0
java_v29_stress,DroneAvailability,Severe,0.25,200,4,21004,2026004,data/java_v29_stress/DroneAvailability/Severe/N200_R04.csv,40,1,40,1,0,0
java_v29_stress,ArrivalRate,Baseline,1.0,300,4,21004,2026004,data/java_v29_stress/ArrivalRate/Baseline/N300_R04.csv,60,4,60,4,0,0
java_v29_stress,ArrivalRate,Mild,1.25,300,4,21004,2026004,data/java_v29_stress/ArrivalRate/Mild/N300_R04.csv,60,4,60,4,0,0
java_v29_stress,ArrivalRate,Moderate,1.5,300,4,21004,2026004,data/java_v29_stress/ArrivalRate/Moderate/N300_R04.csv,60,4,60,4,0,0
java_v29_stress,ArrivalRate,Severe,2.0,300,4,21004,2026004,data/java_v29_stress/ArrivalRate/Severe/N300_R04.csv,60,4,60,4,0,0
java_v29_stress,FleetAvailability,Baseline,1.0,300,4,21004,2026004,data/java_v29_stress/FleetAvailability/Baseline/N300_R04.csv,60,4,60,4,0,0
java_v29_stress,FleetAvailability,Mild,0.8,300,4,21004,2026004,data/java_v29_stress/FleetAvailability/Mild/N300_R04.csv,48,4,48,4,0,0
java_v29_stress,FleetAvailability,Moderate,0.6,300,4,21004,2026004,data/java_v29_stress/FleetAvailability/Moderate/N300_R04.csv,36,4,36,4,0,0
java_v29_stress,FleetAvailability,Severe,0.4,300,4,21004,2026004,data/java_v29_stress/FleetAvailability/Severe/N300_R04.csv,24,4,36,4,12,48
java_v29_stress,SpatialSpread,Baseline,1.0,300,4,21004,2026004,data/java_v29_stress/SpatialSpread/Baseline/N300_R04.csv,60,4,60,4,0,0
java_v29_stress,SpatialSpread,Mild,0.75,300,4,21004,2026004,data/java_v29_stress/SpatialSpread/Mild/N300_R04.csv,60,4,60,4,0,0
java_v29_stress,SpatialSpread,Moderate,0.5,300,4,21004,2026004,data/java_v29_stress/SpatialSpread/Moderate/N300_R04.csv,60,4,60,4,0,0
java_v29_stress,SpatialSpread,Severe,0.25,300,4,21004,2026004,data/java_v29_stress/SpatialSpread/Severe/N300_R04.csv,60,4,60,4,0,0
java_v29_stress,TrafficVolatility,Baseline,0.0,300,4,21004,2026004,data/java_v29_stress/TrafficVolatility/Baseline/N300_R04.csv,60,4,60,4,0,0
java_v29_stress,TrafficVolatility,Mild,0.5,300,4,21004,2026004,data/java_v29_stress/TrafficVolatility/Mild/N300_R04.csv,60,4,60,4,0,0
java_v29_stress,TrafficVolatility,Moderate,1.0,300,4,21004,2026004,data/java_v29_stress/TrafficVolatility/Moderate/N300_R04.csv,60,4,60,4,0,0
java_v29_stress,TrafficVolatility,Severe,1.5,300,4,21004,2026004,data/java_v29_stress/TrafficVolatility/Severe/N300_R04.csv,60,4,60,4,0,0
java_v29_stress,DroneAvailability,Baseline,1.0,300,4,21004,2026004,data/java_v29_stress/DroneAvailability/Baseline/N300_R04.csv,60,4,60,4,0,0
java_v29_stress,DroneAvailability,Mild,0.75,300,4,21004,2026004,data/java_v29_stress/DroneAvailability/Mild/N300_R04.csv,60,3,60,3,0,0
java_v29_stress,DroneAvailability,Moderate,0.5,300,4,21004,2026004,data/java_v29_stress/DroneAvailability/Moderate/N300_R04.csv,60,2,60,2,0,0
java_v29_stress,DroneAvailability,Severe,0.25,300,4,21004,2026004,data/java_v29_stress/DroneAvailability/Severe/N300_R04.csv,60,1,60,1,0,0
java_v29_stress,ArrivalRate,Baseline,1.0,50,5,21005,2026005,data/java_v29_stress/ArrivalRate/Baseline/N50_R05.csv,10,4,10,4,0,0
java_v29_stress,ArrivalRate,Mild,1.25,50,5,21005,2026005,data/java_v29_stress/ArrivalRate/Mild/N50_R05.csv,10,4,10,4,0,0
java_v29_stress,ArrivalRate,Moderate,1.5,50,5,21005,2026005,data/java_v29_stress/ArrivalRate/Moderate/N50_R05.csv,10,4,10,4,0,0
java_v29_stress,ArrivalRate,Severe,2.0,50,5,21005,2026005,data/java_v29_stress/ArrivalRate/Severe/N50_R05.csv,10,4,10,4,0,0
java_v29_stress,FleetAvailability,Baseline,1.0,50,5,21005,2026005,data/java_v29_stress/FleetAvailability/Baseline/N50_R05.csv,10,4,10,4,0,0
java_v29_stress,FleetAvailability,Mild,0.8,50,5,21005,2026005,data/java_v29_stress/FleetAvailability/Mild/N50_R05.csv,8,4,8,4,0,0
java_v29_stress,FleetAvailability,Moderate,0.6,50,5,21005,2026005,data/java_v29_stress/FleetAvailability/Moderate/N50_R05.csv,6,4,6,4,0,0
java_v29_stress,FleetAvailability,Severe,0.4,50,5,21005,2026005,data/java_v29_stress/FleetAvailability/Severe/N50_R05.csv,4,4,4,4,0,0
java_v29_stress,SpatialSpread,Baseline,1.0,50,5,21005,2026005,data/java_v29_stress/SpatialSpread/Baseline/N50_R05.csv,10,4,10,4,0,0
java_v29_stress,SpatialSpread,Mild,0.75,50,5,21005,2026005,data/java_v29_stress/SpatialSpread/Mild/N50_R05.csv,10,4,10,4,0,0
java_v29_stress,SpatialSpread,Moderate,0.5,50,5,21005,2026005,data/java_v29_stress/SpatialSpread/Moderate/N50_R05.csv,10,4,10,4,0,0
java_v29_stress,SpatialSpread,Severe,0.25,50,5,21005,2026005,data/java_v29_stress/SpatialSpread/Severe/N50_R05.csv,10,4,10,4,0,0
java_v29_stress,TrafficVolatility,Baseline,0.0,50,5,21005,2026005,data/java_v29_stress/TrafficVolatility/Baseline/N50_R05.csv,10,4,10,4,0,0
java_v29_stress,TrafficVolatility,Mild,0.5,50,5,21005,2026005,data/java_v29_stress/TrafficVolatility/Mild/N50_R05.csv,10,4,10,4,0,0
java_v29_stress,TrafficVolatility,Moderate,1.0,50,5,21005,2026005,data/java_v29_stress/TrafficVolatility/Moderate/N50_R05.csv,10,4,10,4,0,0
java_v29_stress,TrafficVolatility,Severe,1.5,50,5,21005,2026005,data/java_v29_stress/TrafficVolatility/Severe/N50_R05.csv,10,4,10,4,0,0
java_v29_stress,DroneAvailability,Baseline,1.0,50,5,21005,2026005,data/java_v29_stress/DroneAvailability/Baseline/N50_R05.csv,10,4,10,4,0,0
java_v29_stress,DroneAvailability,Mild,0.75,50,5,21005,2026005,data/java_v29_stress/DroneAvailability/Mild/N50_R05.csv,10,3,10,3,0,0
java_v29_stress,DroneAvailability,Moderate,0.5,50,5,21005,2026005,data/java_v29_stress/DroneAvailability/Moderate/N50_R05.csv,10,2,10,2,0,0
java_v29_stress,DroneAvailability,Severe,0.25,50,5,21005,2026005,data/java_v29_stress/DroneAvailability/Severe/N50_R05.csv,10,1,10,1,0,0
java_v29_stress,ArrivalRate,Baseline,1.0,100,5,21005,2026005,data/java_v29_stress/ArrivalRate/Baseline/N100_R05.csv,20,4,20,4,0,0
java_v29_stress,ArrivalRate,Mild,1.25,100,5,21005,2026005,data/java_v29_stress/ArrivalRate/Mild/N100_R05.csv,20,4,20,4,0,0
java_v29_stress,ArrivalRate,Moderate,1.5,100,5,21005,2026005,data/java_v29_stress/ArrivalRate/Moderate/N100_R05.csv,20,4,20,4,0,0
java_v29_stress,ArrivalRate,Severe,2.0,100,5,21005,2026005,data/java_v29_stress/ArrivalRate/Severe/N100_R05.csv,20,4,20,4,0,0
java_v29_stress,FleetAvailability,Baseline,1.0,100,5,21005,2026005,data/java_v29_stress/FleetAvailability/Baseline/N100_R05.csv,20,4,20,4,0,0
java_v29_stress,FleetAvailability,Mild,0.8,100,5,21005,2026005,data/java_v29_stress/FleetAvailability/Mild/N100_R05.csv,16,4,16,4,0,0
java_v29_stress,FleetAvailability,Moderate,0.6,100,5,21005,2026005,data/java_v29_stress/FleetAvailability/Moderate/N100_R05.csv,12,4,12,4,0,0
java_v29_stress,FleetAvailability,Severe,0.4,100,5,21005,2026005,data/java_v29_stress/FleetAvailability/Severe/N100_R05.csv,8,4,8,4,0,0
java_v29_stress,SpatialSpread,Baseline,1.0,100,5,21005,2026005,data/java_v29_stress/SpatialSpread/Baseline/N100_R05.csv,20,4,20,4,0,0
java_v29_stress,SpatialSpread,Mild,0.75,100,5,21005,2026005,data/java_v29_stress/SpatialSpread/Mild/N100_R05.csv,20,4,20,4,0,0
java_v29_stress,SpatialSpread,Moderate,0.5,100,5,21005,2026005,data/java_v29_stress/SpatialSpread/Moderate/N100_R05.csv,20,4,20,4,0,0
java_v29_stress,SpatialSpread,Severe,0.25,100,5,21005,2026005,data/java_v29_stress/SpatialSpread/Severe/N100_R05.csv,20,4,20,4,0,0
java_v29_stress,TrafficVolatility,Baseline,0.0,100,5,21005,2026005,data/java_v29_stress/TrafficVolatility/Baseline/N100_R05.csv,20,4,20,4,0,0
java_v29_stress,TrafficVolatility,Mild,0.5,100,5,21005,2026005,data/java_v29_stress/TrafficVolatility/Mild/N100_R05.csv,20,4,20,4,0,0
java_v29_stress,TrafficVolatility,Moderate,1.0,100,5,21005,2026005,data/java_v29_stress/TrafficVolatility/Moderate/N100_R05.csv,20,4,20,4,0,0
java_v29_stress,TrafficVolatility,Severe,1.5,100,5,21005,2026005,data/java_v29_stress/TrafficVolatility/Severe/N100_R05.csv,20,4,20,4,0,0
java_v29_stress,DroneAvailability,Baseline,1.0,100,5,21005,2026005,data/java_v29_stress/DroneAvailability/Baseline/N100_R05.csv,20,4,20,4,0,0
java_v29_stress,DroneAvailability,Mild,0.75,100,5,21005,2026005,data/java_v29_stress/DroneAvailability/Mild/N100_R05.csv,20,3,20,3,0,0
java_v29_stress,DroneAvailability,Moderate,0.5,100,5,21005,2026005,data/java_v29_stress/DroneAvailability/Moderate/N100_R05.csv,20,2,20,2,0,0
java_v29_stress,DroneAvailability,Severe,0.25,100,5,21005,2026005,data/java_v29_stress/DroneAvailability/Severe/N100_R05.csv,20,1,20,1,0,0
java_v29_stress,ArrivalRate,Baseline,1.0,200,5,21005,2026005,data/java_v29_stress/ArrivalRate/Baseline/N200_R05.csv,40,4,40,4,0,0
java_v29_stress,ArrivalRate,Mild,1.25,200,5,21005,2026005,data/java_v29_stress/ArrivalRate/Mild/N200_R05.csv,40,4,40,4,0,0
java_v29_stress,ArrivalRate,Moderate,1.5,200,5,21005,2026005,data/java_v29_stress/ArrivalRate/Moderate/N200_R05.csv,40,4,40,4,0,0
java_v29_stress,ArrivalRate,Severe,2.0,200,5,21005,2026005,data/java_v29_stress/ArrivalRate/Severe/N200_R05.csv,40,4,40,4,0,0
java_v29_stress,FleetAvailability,Baseline,1.0,200,5,21005,2026005,data/java_v29_stress/FleetAvailability/Baseline/N200_R05.csv,40,4,40,4,0,0
java_v29_stress,FleetAvailability,Mild,0.8,200,5,21005,2026005,data/java_v29_stress/FleetAvailability/Mild/N200_R05.csv,32,4,32,4,0,0
java_v29_stress,FleetAvailability,Moderate,0.6,200,5,21005,2026005,data/java_v29_stress/FleetAvailability/Moderate/N200_R05.csv,24,4,24,4,0,0
java_v29_stress,FleetAvailability,Severe,0.4,200,5,21005,2026005,data/java_v29_stress/FleetAvailability/Severe/N200_R05.csv,16,4,24,4,8,32
java_v29_stress,SpatialSpread,Baseline,1.0,200,5,21005,2026005,data/java_v29_stress/SpatialSpread/Baseline/N200_R05.csv,40,4,40,4,0,0
java_v29_stress,SpatialSpread,Mild,0.75,200,5,21005,2026005,data/java_v29_stress/SpatialSpread/Mild/N200_R05.csv,40,4,40,4,0,0
java_v29_stress,SpatialSpread,Moderate,0.5,200,5,21005,2026005,data/java_v29_stress/SpatialSpread/Moderate/N200_R05.csv,40,4,40,4,0,0
java_v29_stress,SpatialSpread,Severe,0.25,200,5,21005,2026005,data/java_v29_stress/SpatialSpread/Severe/N200_R05.csv,40,4,40,4,0,0
java_v29_stress,TrafficVolatility,Baseline,0.0,200,5,21005,2026005,data/java_v29_stress/TrafficVolatility/Baseline/N200_R05.csv,40,4,40,4,0,0
java_v29_stress,TrafficVolatility,Mild,0.5,200,5,21005,2026005,data/java_v29_stress/TrafficVolatility/Mild/N200_R05.csv,40,4,40,4,0,0
java_v29_stress,TrafficVolatility,Moderate,1.0,200,5,21005,2026005,data/java_v29_stress/TrafficVolatility/Moderate/N200_R05.csv,40,4,40,4,0,0
java_v29_stress,TrafficVolatility,Severe,1.5,200,5,21005,2026005,data/java_v29_stress/TrafficVolatility/Severe/N200_R05.csv,40,4,40,4,0,0
java_v29_stress,DroneAvailability,Baseline,1.0,200,5,21005,2026005,data/java_v29_stress/DroneAvailability/Baseline/N200_R05.csv,40,4,40,4,0,0
java_v29_stress,DroneAvailability,Mild,0.75,200,5,21005,2026005,data/java_v29_stress/DroneAvailability/Mild/N200_R05.csv,40,3,40,3,0,0
java_v29_stress,DroneAvailability,Moderate,0.5,200,5,21005,2026005,data/java_v29_stress/DroneAvailability/Moderate/N200_R05.csv,40,2,40,2,0,0
java_v29_stress,DroneAvailability,Severe,0.25,200,5,21005,2026005,data/java_v29_stress/DroneAvailability/Severe/N200_R05.csv,40,1,40,1,0,0
java_v29_stress,ArrivalRate,Baseline,1.0,300,5,21005,2026005,data/java_v29_stress/ArrivalRate/Baseline/N300_R05.csv,60,4,60,4,0,0
java_v29_stress,ArrivalRate,Mild,1.25,300,5,21005,2026005,data/java_v29_stress/ArrivalRate/Mild/N300_R05.csv,60,4,60,4,0,0
java_v29_stress,ArrivalRate,Moderate,1.5,300,5,21005,2026005,data/java_v29_stress/ArrivalRate/Moderate/N300_R05.csv,60,4,60,4,0,0
java_v29_stress,ArrivalRate,Severe,2.0,300,5,21005,2026005,data/java_v29_stress/ArrivalRate/Severe/N300_R05.csv,60,4,60,4,0,0
java_v29_stress,FleetAvailability,Baseline,1.0,300,5,21005,2026005,data/java_v29_stress/FleetAvailability/Baseline/N300_R05.csv,60,4,60,4,0,0
java_v29_stress,FleetAvailability,Mild,0.8,300,5,21005,2026005,data/java_v29_stress/FleetAvailability/Mild/N300_R05.csv,48,4,48,4,0,0
java_v29_stress,FleetAvailability,Moderate,0.6,300,5,21005,2026005,data/java_v29_stress/FleetAvailability/Moderate/N300_R05.csv,36,4,36,4,0,0
java_v29_stress,FleetAvailability,Severe,0.4,300,5,21005,2026005,data/java_v29_stress/FleetAvailability/Severe/N300_R05.csv,24,4,36,4,12,48
java_v29_stress,SpatialSpread,Baseline,1.0,300,5,21005,2026005,data/java_v29_stress/SpatialSpread/Baseline/N300_R05.csv,60,4,60,4,0,0
java_v29_stress,SpatialSpread,Mild,0.75,300,5,21005,2026005,data/java_v29_stress/SpatialSpread/Mild/N300_R05.csv,60,4,60,4,0,0
java_v29_stress,SpatialSpread,Moderate,0.5,300,5,21005,2026005,data/java_v29_stress/SpatialSpread/Moderate/N300_R05.csv,60,4,60,4,0,0
java_v29_stress,SpatialSpread,Severe,0.25,300,5,21005,2026005,data/java_v29_stress/SpatialSpread/Severe/N300_R05.csv,60,4,60,4,0,0
java_v29_stress,TrafficVolatility,Baseline,0.0,300,5,21005,2026005,data/java_v29_stress/TrafficVolatility/Baseline/N300_R05.csv,60,4,60,4,0,0
java_v29_stress,TrafficVolatility,Mild,0.5,300,5,21005,2026005,data/java_v29_stress/TrafficVolatility/Mild/N300_R05.csv,60,4,60,4,0,0
java_v29_stress,TrafficVolatility,Moderate,1.0,300,5,21005,2026005,data/java_v29_stress/TrafficVolatility/Moderate/N300_R05.csv,60,4,60,4,0,0
java_v29_stress,TrafficVolatility,Severe,1.5,300,5,21005,2026005,data/java_v29_stress/TrafficVolatility/Severe/N300_R05.csv,60,4,60,4,0,0
java_v29_stress,DroneAvailability,Baseline,1.0,300,5,21005,2026005,data/java_v29_stress/DroneAvailability/Baseline/N300_R05.csv,60,4,60,4,0,0
java_v29_stress,DroneAvailability,Mild,0.75,300,5,21005,2026005,data/java_v29_stress/DroneAvailability/Mild/N300_R05.csv,60,3,60,3,0,0
java_v29_stress,DroneAvailability,Moderate,0.5,300,5,21005,2026005,data/java_v29_stress/DroneAvailability/Moderate/N300_R05.csv,60,2,60,2,0,0
java_v29_stress,DroneAvailability,Severe,0.25,300,5,21005,2026005,data/java_v29_stress/DroneAvailability/Severe/N300_R05.csv,60,1,60,1,0,0
java_v29_stress,ArrivalRate,Baseline,1.0,50,6,21006,2026006,data/java_v29_stress/ArrivalRate/Baseline/N50_R06.csv,10,4,10,4,0,0
java_v29_stress,ArrivalRate,Mild,1.25,50,6,21006,2026006,data/java_v29_stress/ArrivalRate/Mild/N50_R06.csv,10,4,10,4,0,0
java_v29_stress,ArrivalRate,Moderate,1.5,50,6,21006,2026006,data/java_v29_stress/ArrivalRate/Moderate/N50_R06.csv,10,4,10,4,0,0
java_v29_stress,ArrivalRate,Severe,2.0,50,6,21006,2026006,data/java_v29_stress/ArrivalRate/Severe/N50_R06.csv,10,4,10,4,0,0
java_v29_stress,FleetAvailability,Baseline,1.0,50,6,21006,2026006,data/java_v29_stress/FleetAvailability/Baseline/N50_R06.csv,10,4,10,4,0,0
java_v29_stress,FleetAvailability,Mild,0.8,50,6,21006,2026006,data/java_v29_stress/FleetAvailability/Mild/N50_R06.csv,8,4,8,4,0,0
java_v29_stress,FleetAvailability,Moderate,0.6,50,6,21006,2026006,data/java_v29_stress/FleetAvailability/Moderate/N50_R06.csv,6,4,6,4,0,0
java_v29_stress,FleetAvailability,Severe,0.4,50,6,21006,2026006,data/java_v29_stress/FleetAvailability/Severe/N50_R06.csv,4,4,4,4,0,0
java_v29_stress,SpatialSpread,Baseline,1.0,50,6,21006,2026006,data/java_v29_stress/SpatialSpread/Baseline/N50_R06.csv,10,4,10,4,0,0
java_v29_stress,SpatialSpread,Mild,0.75,50,6,21006,2026006,data/java_v29_stress/SpatialSpread/Mild/N50_R06.csv,10,4,10,4,0,0
java_v29_stress,SpatialSpread,Moderate,0.5,50,6,21006,2026006,data/java_v29_stress/SpatialSpread/Moderate/N50_R06.csv,10,4,10,4,0,0
java_v29_stress,SpatialSpread,Severe,0.25,50,6,21006,2026006,data/java_v29_stress/SpatialSpread/Severe/N50_R06.csv,10,4,10,4,0,0
java_v29_stress,TrafficVolatility,Baseline,0.0,50,6,21006,2026006,data/java_v29_stress/TrafficVolatility/Baseline/N50_R06.csv,10,4,10,4,0,0
java_v29_stress,TrafficVolatility,Mild,0.5,50,6,21006,2026006,data/java_v29_stress/TrafficVolatility/Mild/N50_R06.csv,10,4,10,4,0,0
java_v29_stress,TrafficVolatility,Moderate,1.0,50,6,21006,2026006,data/java_v29_stress/TrafficVolatility/Moderate/N50_R06.csv,10,4,10,4,0,0
java_v29_stress,TrafficVolatility,Severe,1.5,50,6,21006,2026006,data/java_v29_stress/TrafficVolatility/Severe/N50_R06.csv,10,4,10,4,0,0
java_v29_stress,DroneAvailability,Baseline,1.0,50,6,21006,2026006,data/java_v29_stress/DroneAvailability/Baseline/N50_R06.csv,10,4,10,4,0,0
java_v29_stress,DroneAvailability,Mild,0.75,50,6,21006,2026006,data/java_v29_stress/DroneAvailability/Mild/N50_R06.csv,10,3,10,3,0,0
java_v29_stress,DroneAvailability,Moderate,0.5,50,6,21006,2026006,data/java_v29_stress/DroneAvailability/Moderate/N50_R06.csv,10,2,10,2,0,0
java_v29_stress,DroneAvailability,Severe,0.25,50,6,21006,2026006,data/java_v29_stress/DroneAvailability/Severe/N50_R06.csv,10,1,10,1,0,0
java_v29_stress,ArrivalRate,Baseline,1.0,100,6,21006,2026006,data/java_v29_stress/ArrivalRate/Baseline/N100_R06.csv,20,4,20,4,0,0
java_v29_stress,ArrivalRate,Mild,1.25,100,6,21006,2026006,data/java_v29_stress/ArrivalRate/Mild/N100_R06.csv,20,4,20,4,0,0
java_v29_stress,ArrivalRate,Moderate,1.5,100,6,21006,2026006,data/java_v29_stress/ArrivalRate/Moderate/N100_R06.csv,20,4,20,4,0,0
java_v29_stress,ArrivalRate,Severe,2.0,100,6,21006,2026006,data/java_v29_stress/ArrivalRate/Severe/N100_R06.csv,20,4,20,4,0,0
java_v29_stress,FleetAvailability,Baseline,1.0,100,6,21006,2026006,data/java_v29_stress/FleetAvailability/Baseline/N100_R06.csv,20,4,20,4,0,0
java_v29_stress,FleetAvailability,Mild,0.8,100,6,21006,2026006,data/java_v29_stress/FleetAvailability/Mild/N100_R06.csv,16,4,16,4,0,0
java_v29_stress,FleetAvailability,Moderate,0.6,100,6,21006,2026006,data/java_v29_stress/FleetAvailability/Moderate/N100_R06.csv,12,4,12,4,0,0
java_v29_stress,FleetAvailability,Severe,0.4,100,6,21006,2026006,data/java_v29_stress/FleetAvailability/Severe/N100_R06.csv,8,4,12,4,4,16
java_v29_stress,SpatialSpread,Baseline,1.0,100,6,21006,2026006,data/java_v29_stress/SpatialSpread/Baseline/N100_R06.csv,20,4,20,4,0,0
java_v29_stress,SpatialSpread,Mild,0.75,100,6,21006,2026006,data/java_v29_stress/SpatialSpread/Mild/N100_R06.csv,20,4,20,4,0,0
java_v29_stress,SpatialSpread,Moderate,0.5,100,6,21006,2026006,data/java_v29_stress/SpatialSpread/Moderate/N100_R06.csv,20,4,20,4,0,0
java_v29_stress,SpatialSpread,Severe,0.25,100,6,21006,2026006,data/java_v29_stress/SpatialSpread/Severe/N100_R06.csv,20,4,20,4,0,0
java_v29_stress,TrafficVolatility,Baseline,0.0,100,6,21006,2026006,data/java_v29_stress/TrafficVolatility/Baseline/N100_R06.csv,20,4,20,4,0,0
java_v29_stress,TrafficVolatility,Mild,0.5,100,6,21006,2026006,data/java_v29_stress/TrafficVolatility/Mild/N100_R06.csv,20,4,20,4,0,0
java_v29_stress,TrafficVolatility,Moderate,1.0,100,6,21006,2026006,data/java_v29_stress/TrafficVolatility/Moderate/N100_R06.csv,20,4,20,4,0,0
java_v29_stress,TrafficVolatility,Severe,1.5,100,6,21006,2026006,data/java_v29_stress/TrafficVolatility/Severe/N100_R06.csv,20,4,20,4,0,0
java_v29_stress,DroneAvailability,Baseline,1.0,100,6,21006,2026006,data/java_v29_stress/DroneAvailability/Baseline/N100_R06.csv,20,4,20,4,0,0
java_v29_stress,DroneAvailability,Mild,0.75,100,6,21006,2026006,data/java_v29_stress/DroneAvailability/Mild/N100_R06.csv,20,3,20,3,0,0
java_v29_stress,DroneAvailability,Moderate,0.5,100,6,21006,2026006,data/java_v29_stress/DroneAvailability/Moderate/N100_R06.csv,20,2,20,2,0,0
java_v29_stress,DroneAvailability,Severe,0.25,100,6,21006,2026006,data/java_v29_stress/DroneAvailability/Severe/N100_R06.csv,20,1,20,1,0,0
java_v29_stress,ArrivalRate,Baseline,1.0,200,6,21006,2026006,data/java_v29_stress/ArrivalRate/Baseline/N200_R06.csv,40,4,40,4,0,0
java_v29_stress,ArrivalRate,Mild,1.25,200,6,21006,2026006,data/java_v29_stress/ArrivalRate/Mild/N200_R06.csv,40,4,40,4,0,0
java_v29_stress,ArrivalRate,Moderate,1.5,200,6,21006,2026006,data/java_v29_stress/ArrivalRate/Moderate/N200_R06.csv,40,4,40,4,0,0
java_v29_stress,ArrivalRate,Severe,2.0,200,6,21006,2026006,data/java_v29_stress/ArrivalRate/Severe/N200_R06.csv,40,4,40,4,0,0
java_v29_stress,FleetAvailability,Baseline,1.0,200,6,21006,2026006,data/java_v29_stress/FleetAvailability/Baseline/N200_R06.csv,40,4,40,4,0,0
java_v29_stress,FleetAvailability,Mild,0.8,200,6,21006,2026006,data/java_v29_stress/FleetAvailability/Mild/N200_R06.csv,32,4,32,4,0,0
java_v29_stress,FleetAvailability,Moderate,0.6,200,6,21006,2026006,data/java_v29_stress/FleetAvailability/Moderate/N200_R06.csv,24,4,24,4,0,0
java_v29_stress,FleetAvailability,Severe,0.4,200,6,21006,2026006,data/java_v29_stress/FleetAvailability/Severe/N200_R06.csv,16,4,16,4,0,0
java_v29_stress,SpatialSpread,Baseline,1.0,200,6,21006,2026006,data/java_v29_stress/SpatialSpread/Baseline/N200_R06.csv,40,4,40,4,0,0
java_v29_stress,SpatialSpread,Mild,0.75,200,6,21006,2026006,data/java_v29_stress/SpatialSpread/Mild/N200_R06.csv,40,4,40,4,0,0
java_v29_stress,SpatialSpread,Moderate,0.5,200,6,21006,2026006,data/java_v29_stress/SpatialSpread/Moderate/N200_R06.csv,40,4,40,4,0,0
java_v29_stress,SpatialSpread,Severe,0.25,200,6,21006,2026006,data/java_v29_stress/SpatialSpread/Severe/N200_R06.csv,40,4,40,4,0,0
java_v29_stress,TrafficVolatility,Baseline,0.0,200,6,21006,2026006,data/java_v29_stress/TrafficVolatility/Baseline/N200_R06.csv,40,4,40,4,0,0
java_v29_stress,TrafficVolatility,Mild,0.5,200,6,21006,2026006,data/java_v29_stress/TrafficVolatility/Mild/N200_R06.csv,40,4,40,4,0,0
java_v29_stress,TrafficVolatility,Moderate,1.0,200,6,21006,2026006,data/java_v29_stress/TrafficVolatility/Moderate/N200_R06.csv,40,4,40,4,0,0
java_v29_stress,TrafficVolatility,Severe,1.5,200,6,21006,2026006,data/java_v29_stress/TrafficVolatility/Severe/N200_R06.csv,40,4,40,4,0,0
java_v29_stress,DroneAvailability,Baseline,1.0,200,6,21006,2026006,data/java_v29_stress/DroneAvailability/Baseline/N200_R06.csv,40,4,40,4,0,0
java_v29_stress,DroneAvailability,Mild,0.75,200,6,21006,2026006,data/java_v29_stress/DroneAvailability/Mild/N200_R06.csv,40,3,40,3,0,0
java_v29_stress,DroneAvailability,Moderate,0.5,200,6,21006,2026006,data/java_v29_stress/DroneAvailability/Moderate/N200_R06.csv,40,2,40,2,0,0
java_v29_stress,DroneAvailability,Severe,0.25,200,6,21006,2026006,data/java_v29_stress/DroneAvailability/Severe/N200_R06.csv,40,1,40,1,0,0
java_v29_stress,ArrivalRate,Baseline,1.0,300,6,21006,2026006,data/java_v29_stress/ArrivalRate/Baseline/N300_R06.csv,60,4,60,4,0,0
java_v29_stress,ArrivalRate,Mild,1.25,300,6,21006,2026006,data/java_v29_stress/ArrivalRate/Mild/N300_R06.csv,60,4,60,4,0,0
java_v29_stress,ArrivalRate,Moderate,1.5,300,6,21006,2026006,data/java_v29_stress/ArrivalRate/Moderate/N300_R06.csv,60,4,60,4,0,0
java_v29_stress,ArrivalRate,Severe,2.0,300,6,21006,2026006,data/java_v29_stress/ArrivalRate/Severe/N300_R06.csv,60,4,60,4,0,0
java_v29_stress,FleetAvailability,Baseline,1.0,300,6,21006,2026006,data/java_v29_stress/FleetAvailability/Baseline/N300_R06.csv,60,4,60,4,0,0
java_v29_stress,FleetAvailability,Mild,0.8,300,6,21006,2026006,data/java_v29_stress/FleetAvailability/Mild/N300_R06.csv,48,4,48,4,0,0
java_v29_stress,FleetAvailability,Moderate,0.6,300,6,21006,2026006,data/java_v29_stress/FleetAvailability/Moderate/N300_R06.csv,36,4,36,4,0,0
java_v29_stress,FleetAvailability,Severe,0.4,300,6,21006,2026006,data/java_v29_stress/FleetAvailability/Severe/N300_R06.csv,24,4,36,4,12,48
java_v29_stress,SpatialSpread,Baseline,1.0,300,6,21006,2026006,data/java_v29_stress/SpatialSpread/Baseline/N300_R06.csv,60,4,60,4,0,0
java_v29_stress,SpatialSpread,Mild,0.75,300,6,21006,2026006,data/java_v29_stress/SpatialSpread/Mild/N300_R06.csv,60,4,60,4,0,0
java_v29_stress,SpatialSpread,Moderate,0.5,300,6,21006,2026006,data/java_v29_stress/SpatialSpread/Moderate/N300_R06.csv,60,4,60,4,0,0
java_v29_stress,SpatialSpread,Severe,0.25,300,6,21006,2026006,data/java_v29_stress/SpatialSpread/Severe/N300_R06.csv,60,4,60,4,0,0
java_v29_stress,TrafficVolatility,Baseline,0.0,300,6,21006,2026006,data/java_v29_stress/TrafficVolatility/Baseline/N300_R06.csv,60,4,60,4,0,0
java_v29_stress,TrafficVolatility,Mild,0.5,300,6,21006,2026006,data/java_v29_stress/TrafficVolatility/Mild/N300_R06.csv,60,4,60,4,0,0
java_v29_stress,TrafficVolatility,Moderate,1.0,300,6,21006,2026006,data/java_v29_stress/TrafficVolatility/Moderate/N300_R06.csv,60,4,60,4,0,0
java_v29_stress,TrafficVolatility,Severe,1.5,300,6,21006,2026006,data/java_v29_stress/TrafficVolatility/Severe/N300_R06.csv,60,4,60,4,0,0
java_v29_stress,DroneAvailability,Baseline,1.0,300,6,21006,2026006,data/java_v29_stress/DroneAvailability/Baseline/N300_R06.csv,60,4,60,4,0,0
java_v29_stress,DroneAvailability,Mild,0.75,300,6,21006,2026006,data/java_v29_stress/DroneAvailability/Mild/N300_R06.csv,60,3,60,3,0,0
java_v29_stress,DroneAvailability,Moderate,0.5,300,6,21006,2026006,data/java_v29_stress/DroneAvailability/Moderate/N300_R06.csv,60,2,60,2,0,0
java_v29_stress,DroneAvailability,Severe,0.25,300,6,21006,2026006,data/java_v29_stress/DroneAvailability/Severe/N300_R06.csv,60,1,60,1,0,0
java_v29_stress,ArrivalRate,Baseline,1.0,50,7,21007,2026007,data/java_v29_stress/ArrivalRate/Baseline/N50_R07.csv,10,4,10,4,0,0
java_v29_stress,ArrivalRate,Mild,1.25,50,7,21007,2026007,data/java_v29_stress/ArrivalRate/Mild/N50_R07.csv,10,4,10,4,0,0
java_v29_stress,ArrivalRate,Moderate,1.5,50,7,21007,2026007,data/java_v29_stress/ArrivalRate/Moderate/N50_R07.csv,10,4,10,4,0,0
java_v29_stress,ArrivalRate,Severe,2.0,50,7,21007,2026007,data/java_v29_stress/ArrivalRate/Severe/N50_R07.csv,10,4,10,4,0,0
java_v29_stress,FleetAvailability,Baseline,1.0,50,7,21007,2026007,data/java_v29_stress/FleetAvailability/Baseline/N50_R07.csv,10,4,10,4,0,0
java_v29_stress,FleetAvailability,Mild,0.8,50,7,21007,2026007,data/java_v29_stress/FleetAvailability/Mild/N50_R07.csv,8,4,8,4,0,0
java_v29_stress,FleetAvailability,Moderate,0.6,50,7,21007,2026007,data/java_v29_stress/FleetAvailability/Moderate/N50_R07.csv,6,4,6,4,0,0
java_v29_stress,FleetAvailability,Severe,0.4,50,7,21007,2026007,data/java_v29_stress/FleetAvailability/Severe/N50_R07.csv,4,4,4,4,0,0
java_v29_stress,SpatialSpread,Baseline,1.0,50,7,21007,2026007,data/java_v29_stress/SpatialSpread/Baseline/N50_R07.csv,10,4,10,4,0,0
java_v29_stress,SpatialSpread,Mild,0.75,50,7,21007,2026007,data/java_v29_stress/SpatialSpread/Mild/N50_R07.csv,10,4,10,4,0,0
java_v29_stress,SpatialSpread,Moderate,0.5,50,7,21007,2026007,data/java_v29_stress/SpatialSpread/Moderate/N50_R07.csv,10,4,10,4,0,0
java_v29_stress,SpatialSpread,Severe,0.25,50,7,21007,2026007,data/java_v29_stress/SpatialSpread/Severe/N50_R07.csv,10,4,10,4,0,0
java_v29_stress,TrafficVolatility,Baseline,0.0,50,7,21007,2026007,data/java_v29_stress/TrafficVolatility/Baseline/N50_R07.csv,10,4,10,4,0,0
java_v29_stress,TrafficVolatility,Mild,0.5,50,7,21007,2026007,data/java_v29_stress/TrafficVolatility/Mild/N50_R07.csv,10,4,10,4,0,0
java_v29_stress,TrafficVolatility,Moderate,1.0,50,7,21007,2026007,data/java_v29_stress/TrafficVolatility/Moderate/N50_R07.csv,10,4,10,4,0,0
java_v29_stress,TrafficVolatility,Severe,1.5,50,7,21007,2026007,data/java_v29_stress/TrafficVolatility/Severe/N50_R07.csv,10,4,10,4,0,0
java_v29_stress,DroneAvailability,Baseline,1.0,50,7,21007,2026007,data/java_v29_stress/DroneAvailability/Baseline/N50_R07.csv,10,4,10,4,0,0
java_v29_stress,DroneAvailability,Mild,0.75,50,7,21007,2026007,data/java_v29_stress/DroneAvailability/Mild/N50_R07.csv,10,3,10,3,0,0
java_v29_stress,DroneAvailability,Moderate,0.5,50,7,21007,2026007,data/java_v29_stress/DroneAvailability/Moderate/N50_R07.csv,10,2,10,2,0,0
java_v29_stress,DroneAvailability,Severe,0.25,50,7,21007,2026007,data/java_v29_stress/DroneAvailability/Severe/N50_R07.csv,10,1,10,1,0,0
java_v29_stress,ArrivalRate,Baseline,1.0,100,7,21007,2026007,data/java_v29_stress/ArrivalRate/Baseline/N100_R07.csv,20,4,20,4,0,0
java_v29_stress,ArrivalRate,Mild,1.25,100,7,21007,2026007,data/java_v29_stress/ArrivalRate/Mild/N100_R07.csv,20,4,20,4,0,0
java_v29_stress,ArrivalRate,Moderate,1.5,100,7,21007,2026007,data/java_v29_stress/ArrivalRate/Moderate/N100_R07.csv,20,4,20,4,0,0
java_v29_stress,ArrivalRate,Severe,2.0,100,7,21007,2026007,data/java_v29_stress/ArrivalRate/Severe/N100_R07.csv,20,4,20,4,0,0
java_v29_stress,FleetAvailability,Baseline,1.0,100,7,21007,2026007,data/java_v29_stress/FleetAvailability/Baseline/N100_R07.csv,20,4,20,4,0,0
java_v29_stress,FleetAvailability,Mild,0.8,100,7,21007,2026007,data/java_v29_stress/FleetAvailability/Mild/N100_R07.csv,16,4,16,4,0,0
java_v29_stress,FleetAvailability,Moderate,0.6,100,7,21007,2026007,data/java_v29_stress/FleetAvailability/Moderate/N100_R07.csv,12,4,12,4,0,0
java_v29_stress,FleetAvailability,Severe,0.4,100,7,21007,2026007,data/java_v29_stress/FleetAvailability/Severe/N100_R07.csv,8,4,8,4,0,0
java_v29_stress,SpatialSpread,Baseline,1.0,100,7,21007,2026007,data/java_v29_stress/SpatialSpread/Baseline/N100_R07.csv,20,4,20,4,0,0
java_v29_stress,SpatialSpread,Mild,0.75,100,7,21007,2026007,data/java_v29_stress/SpatialSpread/Mild/N100_R07.csv,20,4,20,4,0,0
java_v29_stress,SpatialSpread,Moderate,0.5,100,7,21007,2026007,data/java_v29_stress/SpatialSpread/Moderate/N100_R07.csv,20,4,20,4,0,0
java_v29_stress,SpatialSpread,Severe,0.25,100,7,21007,2026007,data/java_v29_stress/SpatialSpread/Severe/N100_R07.csv,20,4,20,4,0,0
java_v29_stress,TrafficVolatility,Baseline,0.0,100,7,21007,2026007,data/java_v29_stress/TrafficVolatility/Baseline/N100_R07.csv,20,4,20,4,0,0
java_v29_stress,TrafficVolatility,Mild,0.5,100,7,21007,2026007,data/java_v29_stress/TrafficVolatility/Mild/N100_R07.csv,20,4,20,4,0,0
java_v29_stress,TrafficVolatility,Moderate,1.0,100,7,21007,2026007,data/java_v29_stress/TrafficVolatility/Moderate/N100_R07.csv,20,4,20,4,0,0
java_v29_stress,TrafficVolatility,Severe,1.5,100,7,21007,2026007,data/java_v29_stress/TrafficVolatility/Severe/N100_R07.csv,20,4,20,4,0,0
java_v29_stress,DroneAvailability,Baseline,1.0,100,7,21007,2026007,data/java_v29_stress/DroneAvailability/Baseline/N100_R07.csv,20,4,20,4,0,0
java_v29_stress,DroneAvailability,Mild,0.75,100,7,21007,2026007,data/java_v29_stress/DroneAvailability/Mild/N100_R07.csv,20,3,20,3,0,0
java_v29_stress,DroneAvailability,Moderate,0.5,100,7,21007,2026007,data/java_v29_stress/DroneAvailability/Moderate/N100_R07.csv,20,2,20,2,0,0
java_v29_stress,DroneAvailability,Severe,0.25,100,7,21007,2026007,data/java_v29_stress/DroneAvailability/Severe/N100_R07.csv,20,1,20,1,0,0
java_v29_stress,ArrivalRate,Baseline,1.0,200,7,21007,2026007,data/java_v29_stress/ArrivalRate/Baseline/N200_R07.csv,40,4,40,4,0,0
java_v29_stress,ArrivalRate,Mild,1.25,200,7,21007,2026007,data/java_v29_stress/ArrivalRate/Mild/N200_R07.csv,40,4,40,4,0,0
java_v29_stress,ArrivalRate,Moderate,1.5,200,7,21007,2026007,data/java_v29_stress/ArrivalRate/Moderate/N200_R07.csv,40,4,40,4,0,0
java_v29_stress,ArrivalRate,Severe,2.0,200,7,21007,2026007,data/java_v29_stress/ArrivalRate/Severe/N200_R07.csv,40,4,40,4,0,0
java_v29_stress,FleetAvailability,Baseline,1.0,200,7,21007,2026007,data/java_v29_stress/FleetAvailability/Baseline/N200_R07.csv,40,4,40,4,0,0
java_v29_stress,FleetAvailability,Mild,0.8,200,7,21007,2026007,data/java_v29_stress/FleetAvailability/Mild/N200_R07.csv,32,4,32,4,0,0
java_v29_stress,FleetAvailability,Moderate,0.6,200,7,21007,2026007,data/java_v29_stress/FleetAvailability/Moderate/N200_R07.csv,24,4,24,4,0,0
java_v29_stress,FleetAvailability,Severe,0.4,200,7,21007,2026007,data/java_v29_stress/FleetAvailability/Severe/N200_R07.csv,16,4,24,4,8,32
java_v29_stress,SpatialSpread,Baseline,1.0,200,7,21007,2026007,data/java_v29_stress/SpatialSpread/Baseline/N200_R07.csv,40,4,40,4,0,0
java_v29_stress,SpatialSpread,Mild,0.75,200,7,21007,2026007,data/java_v29_stress/SpatialSpread/Mild/N200_R07.csv,40,4,40,4,0,0
java_v29_stress,SpatialSpread,Moderate,0.5,200,7,21007,2026007,data/java_v29_stress/SpatialSpread/Moderate/N200_R07.csv,40,4,40,4,0,0
java_v29_stress,SpatialSpread,Severe,0.25,200,7,21007,2026007,data/java_v29_stress/SpatialSpread/Severe/N200_R07.csv,40,4,40,4,0,0
java_v29_stress,TrafficVolatility,Baseline,0.0,200,7,21007,2026007,data/java_v29_stress/TrafficVolatility/Baseline/N200_R07.csv,40,4,40,4,0,0
java_v29_stress,TrafficVolatility,Mild,0.5,200,7,21007,2026007,data/java_v29_stress/TrafficVolatility/Mild/N200_R07.csv,40,4,40,4,0,0
java_v29_stress,TrafficVolatility,Moderate,1.0,200,7,21007,2026007,data/java_v29_stress/TrafficVolatility/Moderate/N200_R07.csv,40,4,40,4,0,0
java_v29_stress,TrafficVolatility,Severe,1.5,200,7,21007,2026007,data/java_v29_stress/TrafficVolatility/Severe/N200_R07.csv,40,4,40,4,0,0
java_v29_stress,DroneAvailability,Baseline,1.0,200,7,21007,2026007,data/java_v29_stress/DroneAvailability/Baseline/N200_R07.csv,40,4,40,4,0,0
java_v29_stress,DroneAvailability,Mild,0.75,200,7,21007,2026007,data/java_v29_stress/DroneAvailability/Mild/N200_R07.csv,40,3,40,3,0,0
java_v29_stress,DroneAvailability,Moderate,0.5,200,7,21007,2026007,data/java_v29_stress/DroneAvailability/Moderate/N200_R07.csv,40,2,40,2,0,0
java_v29_stress,DroneAvailability,Severe,0.25,200,7,21007,2026007,data/java_v29_stress/DroneAvailability/Severe/N200_R07.csv,40,1,40,1,0,0
java_v29_stress,ArrivalRate,Baseline,1.0,300,7,21007,2026007,data/java_v29_stress/ArrivalRate/Baseline/N300_R07.csv,60,4,60,4,0,0
java_v29_stress,ArrivalRate,Mild,1.25,300,7,21007,2026007,data/java_v29_stress/ArrivalRate/Mild/N300_R07.csv,60,4,60,4,0,0
java_v29_stress,ArrivalRate,Moderate,1.5,300,7,21007,2026007,data/java_v29_stress/ArrivalRate/Moderate/N300_R07.csv,60,4,60,4,0,0
java_v29_stress,ArrivalRate,Severe,2.0,300,7,21007,2026007,data/java_v29_stress/ArrivalRate/Severe/N300_R07.csv,60,4,60,4,0,0
java_v29_stress,FleetAvailability,Baseline,1.0,300,7,21007,2026007,data/java_v29_stress/FleetAvailability/Baseline/N300_R07.csv,60,4,60,4,0,0
java_v29_stress,FleetAvailability,Mild,0.8,300,7,21007,2026007,data/java_v29_stress/FleetAvailability/Mild/N300_R07.csv,48,4,48,4,0,0
java_v29_stress,FleetAvailability,Moderate,0.6,300,7,21007,2026007,data/java_v29_stress/FleetAvailability/Moderate/N300_R07.csv,36,4,36,4,0,0
java_v29_stress,FleetAvailability,Severe,0.4,300,7,21007,2026007,data/java_v29_stress/FleetAvailability/Severe/N300_R07.csv,24,4,36,4,12,48
java_v29_stress,SpatialSpread,Baseline,1.0,300,7,21007,2026007,data/java_v29_stress/SpatialSpread/Baseline/N300_R07.csv,60,4,60,4,0,0
java_v29_stress,SpatialSpread,Mild,0.75,300,7,21007,2026007,data/java_v29_stress/SpatialSpread/Mild/N300_R07.csv,60,4,60,4,0,0
java_v29_stress,SpatialSpread,Moderate,0.5,300,7,21007,2026007,data/java_v29_stress/SpatialSpread/Moderate/N300_R07.csv,60,4,60,4,0,0
java_v29_stress,SpatialSpread,Severe,0.25,300,7,21007,2026007,data/java_v29_stress/SpatialSpread/Severe/N300_R07.csv,60,4,60,4,0,0
java_v29_stress,TrafficVolatility,Baseline,0.0,300,7,21007,2026007,data/java_v29_stress/TrafficVolatility/Baseline/N300_R07.csv,60,4,60,4,0,0
java_v29_stress,TrafficVolatility,Mild,0.5,300,7,21007,2026007,data/java_v29_stress/TrafficVolatility/Mild/N300_R07.csv,60,4,60,4,0,0
java_v29_stress,TrafficVolatility,Moderate,1.0,300,7,21007,2026007,data/java_v29_stress/TrafficVolatility/Moderate/N300_R07.csv,60,4,60,4,0,0
java_v29_stress,TrafficVolatility,Severe,1.5,300,7,21007,2026007,data/java_v29_stress/TrafficVolatility/Severe/N300_R07.csv,60,4,60,4,0,0
java_v29_stress,DroneAvailability,Baseline,1.0,300,7,21007,2026007,data/java_v29_stress/DroneAvailability/Baseline/N300_R07.csv,60,4,60,4,0,0
java_v29_stress,DroneAvailability,Mild,0.75,300,7,21007,2026007,data/java_v29_stress/DroneAvailability/Mild/N300_R07.csv,60,3,60,3,0,0
java_v29_stress,DroneAvailability,Moderate,0.5,300,7,21007,2026007,data/java_v29_stress/DroneAvailability/Moderate/N300_R07.csv,60,2,60,2,0,0
java_v29_stress,DroneAvailability,Severe,0.25,300,7,21007,2026007,data/java_v29_stress/DroneAvailability/Severe/N300_R07.csv,60,1,60,1,0,0
java_v29_stress,ArrivalRate,Baseline,1.0,50,8,21008,2026008,data/java_v29_stress/ArrivalRate/Baseline/N50_R08.csv,10,4,10,4,0,0
java_v29_stress,ArrivalRate,Mild,1.25,50,8,21008,2026008,data/java_v29_stress/ArrivalRate/Mild/N50_R08.csv,10,4,10,4,0,0
java_v29_stress,ArrivalRate,Moderate,1.5,50,8,21008,2026008,data/java_v29_stress/ArrivalRate/Moderate/N50_R08.csv,10,4,10,4,0,0
java_v29_stress,ArrivalRate,Severe,2.0,50,8,21008,2026008,data/java_v29_stress/ArrivalRate/Severe/N50_R08.csv,10,4,10,4,0,0
java_v29_stress,FleetAvailability,Baseline,1.0,50,8,21008,2026008,data/java_v29_stress/FleetAvailability/Baseline/N50_R08.csv,10,4,10,4,0,0
java_v29_stress,FleetAvailability,Mild,0.8,50,8,21008,2026008,data/java_v29_stress/FleetAvailability/Mild/N50_R08.csv,8,4,8,4,0,0
java_v29_stress,FleetAvailability,Moderate,0.6,50,8,21008,2026008,data/java_v29_stress/FleetAvailability/Moderate/N50_R08.csv,6,4,6,4,0,0
java_v29_stress,FleetAvailability,Severe,0.4,50,8,21008,2026008,data/java_v29_stress/FleetAvailability/Severe/N50_R08.csv,4,4,4,4,0,0
java_v29_stress,SpatialSpread,Baseline,1.0,50,8,21008,2026008,data/java_v29_stress/SpatialSpread/Baseline/N50_R08.csv,10,4,10,4,0,0
java_v29_stress,SpatialSpread,Mild,0.75,50,8,21008,2026008,data/java_v29_stress/SpatialSpread/Mild/N50_R08.csv,10,4,10,4,0,0
java_v29_stress,SpatialSpread,Moderate,0.5,50,8,21008,2026008,data/java_v29_stress/SpatialSpread/Moderate/N50_R08.csv,10,4,10,4,0,0
java_v29_stress,SpatialSpread,Severe,0.25,50,8,21008,2026008,data/java_v29_stress/SpatialSpread/Severe/N50_R08.csv,10,4,10,4,0,0
java_v29_stress,TrafficVolatility,Baseline,0.0,50,8,21008,2026008,data/java_v29_stress/TrafficVolatility/Baseline/N50_R08.csv,10,4,10,4,0,0
java_v29_stress,TrafficVolatility,Mild,0.5,50,8,21008,2026008,data/java_v29_stress/TrafficVolatility/Mild/N50_R08.csv,10,4,10,4,0,0
java_v29_stress,TrafficVolatility,Moderate,1.0,50,8,21008,2026008,data/java_v29_stress/TrafficVolatility/Moderate/N50_R08.csv,10,4,10,4,0,0
java_v29_stress,TrafficVolatility,Severe,1.5,50,8,21008,2026008,data/java_v29_stress/TrafficVolatility/Severe/N50_R08.csv,10,4,10,4,0,0
java_v29_stress,DroneAvailability,Baseline,1.0,50,8,21008,2026008,data/java_v29_stress/DroneAvailability/Baseline/N50_R08.csv,10,4,10,4,0,0
java_v29_stress,DroneAvailability,Mild,0.75,50,8,21008,2026008,data/java_v29_stress/DroneAvailability/Mild/N50_R08.csv,10,3,10,3,0,0
java_v29_stress,DroneAvailability,Moderate,0.5,50,8,21008,2026008,data/java_v29_stress/DroneAvailability/Moderate/N50_R08.csv,10,2,10,2,0,0
java_v29_stress,DroneAvailability,Severe,0.25,50,8,21008,2026008,data/java_v29_stress/DroneAvailability/Severe/N50_R08.csv,10,1,10,1,0,0
java_v29_stress,ArrivalRate,Baseline,1.0,100,8,21008,2026008,data/java_v29_stress/ArrivalRate/Baseline/N100_R08.csv,20,4,20,4,0,0
java_v29_stress,ArrivalRate,Mild,1.25,100,8,21008,2026008,data/java_v29_stress/ArrivalRate/Mild/N100_R08.csv,20,4,20,4,0,0
java_v29_stress,ArrivalRate,Moderate,1.5,100,8,21008,2026008,data/java_v29_stress/ArrivalRate/Moderate/N100_R08.csv,20,4,20,4,0,0
java_v29_stress,ArrivalRate,Severe,2.0,100,8,21008,2026008,data/java_v29_stress/ArrivalRate/Severe/N100_R08.csv,20,4,20,4,0,0
java_v29_stress,FleetAvailability,Baseline,1.0,100,8,21008,2026008,data/java_v29_stress/FleetAvailability/Baseline/N100_R08.csv,20,4,20,4,0,0
java_v29_stress,FleetAvailability,Mild,0.8,100,8,21008,2026008,data/java_v29_stress/FleetAvailability/Mild/N100_R08.csv,16,4,16,4,0,0
java_v29_stress,FleetAvailability,Moderate,0.6,100,8,21008,2026008,data/java_v29_stress/FleetAvailability/Moderate/N100_R08.csv,12,4,12,4,0,0
java_v29_stress,FleetAvailability,Severe,0.4,100,8,21008,2026008,data/java_v29_stress/FleetAvailability/Severe/N100_R08.csv,8,4,12,4,4,16
java_v29_stress,SpatialSpread,Baseline,1.0,100,8,21008,2026008,data/java_v29_stress/SpatialSpread/Baseline/N100_R08.csv,20,4,20,4,0,0
java_v29_stress,SpatialSpread,Mild,0.75,100,8,21008,2026008,data/java_v29_stress/SpatialSpread/Mild/N100_R08.csv,20,4,20,4,0,0
java_v29_stress,SpatialSpread,Moderate,0.5,100,8,21008,2026008,data/java_v29_stress/SpatialSpread/Moderate/N100_R08.csv,20,4,20,4,0,0
java_v29_stress,SpatialSpread,Severe,0.25,100,8,21008,2026008,data/java_v29_stress/SpatialSpread/Severe/N100_R08.csv,20,4,20,4,0,0
java_v29_stress,TrafficVolatility,Baseline,0.0,100,8,21008,2026008,data/java_v29_stress/TrafficVolatility/Baseline/N100_R08.csv,20,4,20,4,0,0
java_v29_stress,TrafficVolatility,Mild,0.5,100,8,21008,2026008,data/java_v29_stress/TrafficVolatility/Mild/N100_R08.csv,20,4,20,4,0,0
java_v29_stress,TrafficVolatility,Moderate,1.0,100,8,21008,2026008,data/java_v29_stress/TrafficVolatility/Moderate/N100_R08.csv,20,4,20,4,0,0
java_v29_stress,TrafficVolatility,Severe,1.5,100,8,21008,2026008,data/java_v29_stress/TrafficVolatility/Severe/N100_R08.csv,20,4,20,4,0,0
java_v29_stress,DroneAvailability,Baseline,1.0,100,8,21008,2026008,data/java_v29_stress/DroneAvailability/Baseline/N100_R08.csv,20,4,20,4,0,0
java_v29_stress,DroneAvailability,Mild,0.75,100,8,21008,2026008,data/java_v29_stress/DroneAvailability/Mild/N100_R08.csv,20,3,20,3,0,0
java_v29_stress,DroneAvailability,Moderate,0.5,100,8,21008,2026008,data/java_v29_stress/DroneAvailability/Moderate/N100_R08.csv,20,2,20,2,0,0
java_v29_stress,DroneAvailability,Severe,0.25,100,8,21008,2026008,data/java_v29_stress/DroneAvailability/Severe/N100_R08.csv,20,1,20,1,0,0
java_v29_stress,ArrivalRate,Baseline,1.0,200,8,21008,2026008,data/java_v29_stress/ArrivalRate/Baseline/N200_R08.csv,40,4,40,4,0,0
java_v29_stress,ArrivalRate,Mild,1.25,200,8,21008,2026008,data/java_v29_stress/ArrivalRate/Mild/N200_R08.csv,40,4,40,4,0,0
java_v29_stress,ArrivalRate,Moderate,1.5,200,8,21008,2026008,data/java_v29_stress/ArrivalRate/Moderate/N200_R08.csv,40,4,40,4,0,0
java_v29_stress,ArrivalRate,Severe,2.0,200,8,21008,2026008,data/java_v29_stress/ArrivalRate/Severe/N200_R08.csv,40,4,40,4,0,0
java_v29_stress,FleetAvailability,Baseline,1.0,200,8,21008,2026008,data/java_v29_stress/FleetAvailability/Baseline/N200_R08.csv,40,4,40,4,0,0
java_v29_stress,FleetAvailability,Mild,0.8,200,8,21008,2026008,data/java_v29_stress/FleetAvailability/Mild/N200_R08.csv,32,4,32,4,0,0
java_v29_stress,FleetAvailability,Moderate,0.6,200,8,21008,2026008,data/java_v29_stress/FleetAvailability/Moderate/N200_R08.csv,24,4,24,4,0,0
java_v29_stress,FleetAvailability,Severe,0.4,200,8,21008,2026008,data/java_v29_stress/FleetAvailability/Severe/N200_R08.csv,16,4,24,4,8,32
java_v29_stress,SpatialSpread,Baseline,1.0,200,8,21008,2026008,data/java_v29_stress/SpatialSpread/Baseline/N200_R08.csv,40,4,40,4,0,0
java_v29_stress,SpatialSpread,Mild,0.75,200,8,21008,2026008,data/java_v29_stress/SpatialSpread/Mild/N200_R08.csv,40,4,40,4,0,0
java_v29_stress,SpatialSpread,Moderate,0.5,200,8,21008,2026008,data/java_v29_stress/SpatialSpread/Moderate/N200_R08.csv,40,4,40,4,0,0
java_v29_stress,SpatialSpread,Severe,0.25,200,8,21008,2026008,data/java_v29_stress/SpatialSpread/Severe/N200_R08.csv,40,4,40,4,0,0
java_v29_stress,TrafficVolatility,Baseline,0.0,200,8,21008,2026008,data/java_v29_stress/TrafficVolatility/Baseline/N200_R08.csv,40,4,40,4,0,0
java_v29_stress,TrafficVolatility,Mild,0.5,200,8,21008,2026008,data/java_v29_stress/TrafficVolatility/Mild/N200_R08.csv,40,4,40,4,0,0
java_v29_stress,TrafficVolatility,Moderate,1.0,200,8,21008,2026008,data/java_v29_stress/TrafficVolatility/Moderate/N200_R08.csv,40,4,40,4,0,0
java_v29_stress,TrafficVolatility,Severe,1.5,200,8,21008,2026008,data/java_v29_stress/TrafficVolatility/Severe/N200_R08.csv,40,4,40,4,0,0
java_v29_stress,DroneAvailability,Baseline,1.0,200,8,21008,2026008,data/java_v29_stress/DroneAvailability/Baseline/N200_R08.csv,40,4,40,4,0,0
java_v29_stress,DroneAvailability,Mild,0.75,200,8,21008,2026008,data/java_v29_stress/DroneAvailability/Mild/N200_R08.csv,40,3,40,3,0,0
java_v29_stress,DroneAvailability,Moderate,0.5,200,8,21008,2026008,data/java_v29_stress/DroneAvailability/Moderate/N200_R08.csv,40,2,40,2,0,0
java_v29_stress,DroneAvailability,Severe,0.25,200,8,21008,2026008,data/java_v29_stress/DroneAvailability/Severe/N200_R08.csv,40,1,40,1,0,0
java_v29_stress,ArrivalRate,Baseline,1.0,300,8,21008,2026008,data/java_v29_stress/ArrivalRate/Baseline/N300_R08.csv,60,4,60,4,0,0
java_v29_stress,ArrivalRate,Mild,1.25,300,8,21008,2026008,data/java_v29_stress/ArrivalRate/Mild/N300_R08.csv,60,4,60,4,0,0
java_v29_stress,ArrivalRate,Moderate,1.5,300,8,21008,2026008,data/java_v29_stress/ArrivalRate/Moderate/N300_R08.csv,60,4,60,4,0,0
java_v29_stress,ArrivalRate,Severe,2.0,300,8,21008,2026008,data/java_v29_stress/ArrivalRate/Severe/N300_R08.csv,60,4,60,4,0,0
java_v29_stress,FleetAvailability,Baseline,1.0,300,8,21008,2026008,data/java_v29_stress/FleetAvailability/Baseline/N300_R08.csv,60,4,60,4,0,0
java_v29_stress,FleetAvailability,Mild,0.8,300,8,21008,2026008,data/java_v29_stress/FleetAvailability/Mild/N300_R08.csv,48,4,48,4,0,0
java_v29_stress,FleetAvailability,Moderate,0.6,300,8,21008,2026008,data/java_v29_stress/FleetAvailability/Moderate/N300_R08.csv,36,4,36,4,0,0
java_v29_stress,FleetAvailability,Severe,0.4,300,8,21008,2026008,data/java_v29_stress/FleetAvailability/Severe/N300_R08.csv,24,4,36,4,12,48
java_v29_stress,SpatialSpread,Baseline,1.0,300,8,21008,2026008,data/java_v29_stress/SpatialSpread/Baseline/N300_R08.csv,60,4,60,4,0,0
java_v29_stress,SpatialSpread,Mild,0.75,300,8,21008,2026008,data/java_v29_stress/SpatialSpread/Mild/N300_R08.csv,60,4,60,4,0,0
java_v29_stress,SpatialSpread,Moderate,0.5,300,8,21008,2026008,data/java_v29_stress/SpatialSpread/Moderate/N300_R08.csv,60,4,60,4,0,0
java_v29_stress,SpatialSpread,Severe,0.25,300,8,21008,2026008,data/java_v29_stress/SpatialSpread/Severe/N300_R08.csv,60,4,60,4,0,0
java_v29_stress,TrafficVolatility,Baseline,0.0,300,8,21008,2026008,data/java_v29_stress/TrafficVolatility/Baseline/N300_R08.csv,60,4,60,4,0,0
java_v29_stress,TrafficVolatility,Mild,0.5,300,8,21008,2026008,data/java_v29_stress/TrafficVolatility/Mild/N300_R08.csv,60,4,60,4,0,0
java_v29_stress,TrafficVolatility,Moderate,1.0,300,8,21008,2026008,data/java_v29_stress/TrafficVolatility/Moderate/N300_R08.csv,60,4,60,4,0,0
java_v29_stress,TrafficVolatility,Severe,1.5,300,8,21008,2026008,data/java_v29_stress/TrafficVolatility/Severe/N300_R08.csv,60,4,60,4,0,0
java_v29_stress,DroneAvailability,Baseline,1.0,300,8,21008,2026008,data/java_v29_stress/DroneAvailability/Baseline/N300_R08.csv,60,4,60,4,0,0
java_v29_stress,DroneAvailability,Mild,0.75,300,8,21008,2026008,data/java_v29_stress/DroneAvailability/Mild/N300_R08.csv,60,3,60,3,0,0
java_v29_stress,DroneAvailability,Moderate,0.5,300,8,21008,2026008,data/java_v29_stress/DroneAvailability/Moderate/N300_R08.csv,60,2,60,2,0,0
java_v29_stress,DroneAvailability,Severe,0.25,300,8,21008,2026008,data/java_v29_stress/DroneAvailability/Severe/N300_R08.csv,60,1,60,1,0,0
java_v29_stress,ArrivalRate,Baseline,1.0,50,9,21009,2026009,data/java_v29_stress/ArrivalRate/Baseline/N50_R09.csv,10,4,10,4,0,0
java_v29_stress,ArrivalRate,Mild,1.25,50,9,21009,2026009,data/java_v29_stress/ArrivalRate/Mild/N50_R09.csv,10,4,10,4,0,0
java_v29_stress,ArrivalRate,Moderate,1.5,50,9,21009,2026009,data/java_v29_stress/ArrivalRate/Moderate/N50_R09.csv,10,4,10,4,0,0
java_v29_stress,ArrivalRate,Severe,2.0,50,9,21009,2026009,data/java_v29_stress/ArrivalRate/Severe/N50_R09.csv,10,4,10,4,0,0
java_v29_stress,FleetAvailability,Baseline,1.0,50,9,21009,2026009,data/java_v29_stress/FleetAvailability/Baseline/N50_R09.csv,10,4,10,4,0,0
java_v29_stress,FleetAvailability,Mild,0.8,50,9,21009,2026009,data/java_v29_stress/FleetAvailability/Mild/N50_R09.csv,8,4,8,4,0,0
java_v29_stress,FleetAvailability,Moderate,0.6,50,9,21009,2026009,data/java_v29_stress/FleetAvailability/Moderate/N50_R09.csv,6,4,6,4,0,0
java_v29_stress,FleetAvailability,Severe,0.4,50,9,21009,2026009,data/java_v29_stress/FleetAvailability/Severe/N50_R09.csv,4,4,4,4,0,0
java_v29_stress,SpatialSpread,Baseline,1.0,50,9,21009,2026009,data/java_v29_stress/SpatialSpread/Baseline/N50_R09.csv,10,4,10,4,0,0
java_v29_stress,SpatialSpread,Mild,0.75,50,9,21009,2026009,data/java_v29_stress/SpatialSpread/Mild/N50_R09.csv,10,4,10,4,0,0
java_v29_stress,SpatialSpread,Moderate,0.5,50,9,21009,2026009,data/java_v29_stress/SpatialSpread/Moderate/N50_R09.csv,10,4,10,4,0,0
java_v29_stress,SpatialSpread,Severe,0.25,50,9,21009,2026009,data/java_v29_stress/SpatialSpread/Severe/N50_R09.csv,10,4,10,4,0,0
java_v29_stress,TrafficVolatility,Baseline,0.0,50,9,21009,2026009,data/java_v29_stress/TrafficVolatility/Baseline/N50_R09.csv,10,4,10,4,0,0
java_v29_stress,TrafficVolatility,Mild,0.5,50,9,21009,2026009,data/java_v29_stress/TrafficVolatility/Mild/N50_R09.csv,10,4,10,4,0,0
java_v29_stress,TrafficVolatility,Moderate,1.0,50,9,21009,2026009,data/java_v29_stress/TrafficVolatility/Moderate/N50_R09.csv,10,4,10,4,0,0
java_v29_stress,TrafficVolatility,Severe,1.5,50,9,21009,2026009,data/java_v29_stress/TrafficVolatility/Severe/N50_R09.csv,10,4,10,4,0,0
java_v29_stress,DroneAvailability,Baseline,1.0,50,9,21009,2026009,data/java_v29_stress/DroneAvailability/Baseline/N50_R09.csv,10,4,10,4,0,0
java_v29_stress,DroneAvailability,Mild,0.75,50,9,21009,2026009,data/java_v29_stress/DroneAvailability/Mild/N50_R09.csv,10,3,10,3,0,0
java_v29_stress,DroneAvailability,Moderate,0.5,50,9,21009,2026009,data/java_v29_stress/DroneAvailability/Moderate/N50_R09.csv,10,2,10,2,0,0
java_v29_stress,DroneAvailability,Severe,0.25,50,9,21009,2026009,data/java_v29_stress/DroneAvailability/Severe/N50_R09.csv,10,1,10,1,0,0
java_v29_stress,ArrivalRate,Baseline,1.0,100,9,21009,2026009,data/java_v29_stress/ArrivalRate/Baseline/N100_R09.csv,20,4,20,4,0,0
java_v29_stress,ArrivalRate,Mild,1.25,100,9,21009,2026009,data/java_v29_stress/ArrivalRate/Mild/N100_R09.csv,20,4,20,4,0,0
java_v29_stress,ArrivalRate,Moderate,1.5,100,9,21009,2026009,data/java_v29_stress/ArrivalRate/Moderate/N100_R09.csv,20,4,20,4,0,0
java_v29_stress,ArrivalRate,Severe,2.0,100,9,21009,2026009,data/java_v29_stress/ArrivalRate/Severe/N100_R09.csv,20,4,20,4,0,0
java_v29_stress,FleetAvailability,Baseline,1.0,100,9,21009,2026009,data/java_v29_stress/FleetAvailability/Baseline/N100_R09.csv,20,4,20,4,0,0
java_v29_stress,FleetAvailability,Mild,0.8,100,9,21009,2026009,data/java_v29_stress/FleetAvailability/Mild/N100_R09.csv,16,4,16,4,0,0
java_v29_stress,FleetAvailability,Moderate,0.6,100,9,21009,2026009,data/java_v29_stress/FleetAvailability/Moderate/N100_R09.csv,12,4,12,4,0,0
java_v29_stress,FleetAvailability,Severe,0.4,100,9,21009,2026009,data/java_v29_stress/FleetAvailability/Severe/N100_R09.csv,8,4,12,4,4,16
java_v29_stress,SpatialSpread,Baseline,1.0,100,9,21009,2026009,data/java_v29_stress/SpatialSpread/Baseline/N100_R09.csv,20,4,20,4,0,0
java_v29_stress,SpatialSpread,Mild,0.75,100,9,21009,2026009,data/java_v29_stress/SpatialSpread/Mild/N100_R09.csv,20,4,20,4,0,0
java_v29_stress,SpatialSpread,Moderate,0.5,100,9,21009,2026009,data/java_v29_stress/SpatialSpread/Moderate/N100_R09.csv,20,4,20,4,0,0
java_v29_stress,SpatialSpread,Severe,0.25,100,9,21009,2026009,data/java_v29_stress/SpatialSpread/Severe/N100_R09.csv,20,4,20,4,0,0
java_v29_stress,TrafficVolatility,Baseline,0.0,100,9,21009,2026009,data/java_v29_stress/TrafficVolatility/Baseline/N100_R09.csv,20,4,20,4,0,0
java_v29_stress,TrafficVolatility,Mild,0.5,100,9,21009,2026009,data/java_v29_stress/TrafficVolatility/Mild/N100_R09.csv,20,4,20,4,0,0
java_v29_stress,TrafficVolatility,Moderate,1.0,100,9,21009,2026009,data/java_v29_stress/TrafficVolatility/Moderate/N100_R09.csv,20,4,20,4,0,0
java_v29_stress,TrafficVolatility,Severe,1.5,100,9,21009,2026009,data/java_v29_stress/TrafficVolatility/Severe/N100_R09.csv,20,4,20,4,0,0
java_v29_stress,DroneAvailability,Baseline,1.0,100,9,21009,2026009,data/java_v29_stress/DroneAvailability/Baseline/N100_R09.csv,20,4,20,4,0,0
java_v29_stress,DroneAvailability,Mild,0.75,100,9,21009,2026009,data/java_v29_stress/DroneAvailability/Mild/N100_R09.csv,20,3,20,3,0,0
java_v29_stress,DroneAvailability,Moderate,0.5,100,9,21009,2026009,data/java_v29_stress/DroneAvailability/Moderate/N100_R09.csv,20,2,20,2,0,0
java_v29_stress,DroneAvailability,Severe,0.25,100,9,21009,2026009,data/java_v29_stress/DroneAvailability/Severe/N100_R09.csv,20,1,20,1,0,0
java_v29_stress,ArrivalRate,Baseline,1.0,200,9,21009,2026009,data/java_v29_stress/ArrivalRate/Baseline/N200_R09.csv,40,4,40,4,0,0
java_v29_stress,ArrivalRate,Mild,1.25,200,9,21009,2026009,data/java_v29_stress/ArrivalRate/Mild/N200_R09.csv,40,4,40,4,0,0
java_v29_stress,ArrivalRate,Moderate,1.5,200,9,21009,2026009,data/java_v29_stress/ArrivalRate/Moderate/N200_R09.csv,40,4,40,4,0,0
java_v29_stress,ArrivalRate,Severe,2.0,200,9,21009,2026009,data/java_v29_stress/ArrivalRate/Severe/N200_R09.csv,40,4,40,4,0,0
java_v29_stress,FleetAvailability,Baseline,1.0,200,9,21009,2026009,data/java_v29_stress/FleetAvailability/Baseline/N200_R09.csv,40,4,40,4,0,0
java_v29_stress,FleetAvailability,Mild,0.8,200,9,21009,2026009,data/java_v29_stress/FleetAvailability/Mild/N200_R09.csv,32,4,32,4,0,0
java_v29_stress,FleetAvailability,Moderate,0.6,200,9,21009,2026009,data/java_v29_stress/FleetAvailability/Moderate/N200_R09.csv,24,4,24,4,0,0
java_v29_stress,FleetAvailability,Severe,0.4,200,9,21009,2026009,data/java_v29_stress/FleetAvailability/Severe/N200_R09.csv,16,4,24,4,8,32
java_v29_stress,SpatialSpread,Baseline,1.0,200,9,21009,2026009,data/java_v29_stress/SpatialSpread/Baseline/N200_R09.csv,40,4,40,4,0,0
java_v29_stress,SpatialSpread,Mild,0.75,200,9,21009,2026009,data/java_v29_stress/SpatialSpread/Mild/N200_R09.csv,40,4,40,4,0,0
java_v29_stress,SpatialSpread,Moderate,0.5,200,9,21009,2026009,data/java_v29_stress/SpatialSpread/Moderate/N200_R09.csv,40,4,40,4,0,0
java_v29_stress,SpatialSpread,Severe,0.25,200,9,21009,2026009,data/java_v29_stress/SpatialSpread/Severe/N200_R09.csv,40,4,40,4,0,0
java_v29_stress,TrafficVolatility,Baseline,0.0,200,9,21009,2026009,data/java_v29_stress/TrafficVolatility/Baseline/N200_R09.csv,40,4,40,4,0,0
java_v29_stress,TrafficVolatility,Mild,0.5,200,9,21009,2026009,data/java_v29_stress/TrafficVolatility/Mild/N200_R09.csv,40,4,40,4,0,0
java_v29_stress,TrafficVolatility,Moderate,1.0,200,9,21009,2026009,data/java_v29_stress/TrafficVolatility/Moderate/N200_R09.csv,40,4,40,4,0,0
java_v29_stress,TrafficVolatility,Severe,1.5,200,9,21009,2026009,data/java_v29_stress/TrafficVolatility/Severe/N200_R09.csv,40,4,40,4,0,0
java_v29_stress,DroneAvailability,Baseline,1.0,200,9,21009,2026009,data/java_v29_stress/DroneAvailability/Baseline/N200_R09.csv,40,4,40,4,0,0
java_v29_stress,DroneAvailability,Mild,0.75,200,9,21009,2026009,data/java_v29_stress/DroneAvailability/Mild/N200_R09.csv,40,3,40,3,0,0
java_v29_stress,DroneAvailability,Moderate,0.5,200,9,21009,2026009,data/java_v29_stress/DroneAvailability/Moderate/N200_R09.csv,40,2,40,2,0,0
java_v29_stress,DroneAvailability,Severe,0.25,200,9,21009,2026009,data/java_v29_stress/DroneAvailability/Severe/N200_R09.csv,40,1,40,1,0,0
java_v29_stress,ArrivalRate,Baseline,1.0,300,9,21009,2026009,data/java_v29_stress/ArrivalRate/Baseline/N300_R09.csv,60,4,60,4,0,0
java_v29_stress,ArrivalRate,Mild,1.25,300,9,21009,2026009,data/java_v29_stress/ArrivalRate/Mild/N300_R09.csv,60,4,60,4,0,0
java_v29_stress,ArrivalRate,Moderate,1.5,300,9,21009,2026009,data/java_v29_stress/ArrivalRate/Moderate/N300_R09.csv,60,4,60,4,0,0
java_v29_stress,ArrivalRate,Severe,2.0,300,9,21009,2026009,data/java_v29_stress/ArrivalRate/Severe/N300_R09.csv,60,4,60,4,0,0
java_v29_stress,FleetAvailability,Baseline,1.0,300,9,21009,2026009,data/java_v29_stress/FleetAvailability/Baseline/N300_R09.csv,60,4,60,4,0,0
java_v29_stress,FleetAvailability,Mild,0.8,300,9,21009,2026009,data/java_v29_stress/FleetAvailability/Mild/N300_R09.csv,48,4,48,4,0,0
java_v29_stress,FleetAvailability,Moderate,0.6,300,9,21009,2026009,data/java_v29_stress/FleetAvailability/Moderate/N300_R09.csv,36,4,36,4,0,0
java_v29_stress,FleetAvailability,Severe,0.4,300,9,21009,2026009,data/java_v29_stress/FleetAvailability/Severe/N300_R09.csv,24,4,36,4,12,48
java_v29_stress,SpatialSpread,Baseline,1.0,300,9,21009,2026009,data/java_v29_stress/SpatialSpread/Baseline/N300_R09.csv,60,4,60,4,0,0
java_v29_stress,SpatialSpread,Mild,0.75,300,9,21009,2026009,data/java_v29_stress/SpatialSpread/Mild/N300_R09.csv,60,4,60,4,0,0
java_v29_stress,SpatialSpread,Moderate,0.5,300,9,21009,2026009,data/java_v29_stress/SpatialSpread/Moderate/N300_R09.csv,60,4,60,4,0,0
java_v29_stress,SpatialSpread,Severe,0.25,300,9,21009,2026009,data/java_v29_stress/SpatialSpread/Severe/N300_R09.csv,60,4,60,4,0,0
java_v29_stress,TrafficVolatility,Baseline,0.0,300,9,21009,2026009,data/java_v29_stress/TrafficVolatility/Baseline/N300_R09.csv,60,4,60,4,0,0
java_v29_stress,TrafficVolatility,Mild,0.5,300,9,21009,2026009,data/java_v29_stress/TrafficVolatility/Mild/N300_R09.csv,60,4,60,4,0,0
java_v29_stress,TrafficVolatility,Moderate,1.0,300,9,21009,2026009,data/java_v29_stress/TrafficVolatility/Moderate/N300_R09.csv,60,4,60,4,0,0
java_v29_stress,TrafficVolatility,Severe,1.5,300,9,21009,2026009,data/java_v29_stress/TrafficVolatility/Severe/N300_R09.csv,60,4,60,4,0,0
java_v29_stress,DroneAvailability,Baseline,1.0,300,9,21009,2026009,data/java_v29_stress/DroneAvailability/Baseline/N300_R09.csv,60,4,60,4,0,0
java_v29_stress,DroneAvailability,Mild,0.75,300,9,21009,2026009,data/java_v29_stress/DroneAvailability/Mild/N300_R09.csv,60,3,60,3,0,0
java_v29_stress,DroneAvailability,Moderate,0.5,300,9,21009,2026009,data/java_v29_stress/DroneAvailability/Moderate/N300_R09.csv,60,2,60,2,0,0
java_v29_stress,DroneAvailability,Severe,0.25,300,9,21009,2026009,data/java_v29_stress/DroneAvailability/Severe/N300_R09.csv,60,1,60,1,0,0
java_v29_stress,ArrivalRate,Baseline,1.0,50,10,21010,2026010,data/java_v29_stress/ArrivalRate/Baseline/N50_R10.csv,10,4,10,4,0,0
java_v29_stress,ArrivalRate,Mild,1.25,50,10,21010,2026010,data/java_v29_stress/ArrivalRate/Mild/N50_R10.csv,10,4,10,4,0,0
java_v29_stress,ArrivalRate,Moderate,1.5,50,10,21010,2026010,data/java_v29_stress/ArrivalRate/Moderate/N50_R10.csv,10,4,10,4,0,0
java_v29_stress,ArrivalRate,Severe,2.0,50,10,21010,2026010,data/java_v29_stress/ArrivalRate/Severe/N50_R10.csv,10,4,10,4,0,0
java_v29_stress,FleetAvailability,Baseline,1.0,50,10,21010,2026010,data/java_v29_stress/FleetAvailability/Baseline/N50_R10.csv,10,4,10,4,0,0
java_v29_stress,FleetAvailability,Mild,0.8,50,10,21010,2026010,data/java_v29_stress/FleetAvailability/Mild/N50_R10.csv,8,4,8,4,0,0
java_v29_stress,FleetAvailability,Moderate,0.6,50,10,21010,2026010,data/java_v29_stress/FleetAvailability/Moderate/N50_R10.csv,6,4,6,4,0,0
java_v29_stress,FleetAvailability,Severe,0.4,50,10,21010,2026010,data/java_v29_stress/FleetAvailability/Severe/N50_R10.csv,4,4,4,4,0,0
java_v29_stress,SpatialSpread,Baseline,1.0,50,10,21010,2026010,data/java_v29_stress/SpatialSpread/Baseline/N50_R10.csv,10,4,10,4,0,0
java_v29_stress,SpatialSpread,Mild,0.75,50,10,21010,2026010,data/java_v29_stress/SpatialSpread/Mild/N50_R10.csv,10,4,10,4,0,0
java_v29_stress,SpatialSpread,Moderate,0.5,50,10,21010,2026010,data/java_v29_stress/SpatialSpread/Moderate/N50_R10.csv,10,4,10,4,0,0
java_v29_stress,SpatialSpread,Severe,0.25,50,10,21010,2026010,data/java_v29_stress/SpatialSpread/Severe/N50_R10.csv,10,4,10,4,0,0
java_v29_stress,TrafficVolatility,Baseline,0.0,50,10,21010,2026010,data/java_v29_stress/TrafficVolatility/Baseline/N50_R10.csv,10,4,10,4,0,0
java_v29_stress,TrafficVolatility,Mild,0.5,50,10,21010,2026010,data/java_v29_stress/TrafficVolatility/Mild/N50_R10.csv,10,4,10,4,0,0
java_v29_stress,TrafficVolatility,Moderate,1.0,50,10,21010,2026010,data/java_v29_stress/TrafficVolatility/Moderate/N50_R10.csv,10,4,10,4,0,0
java_v29_stress,TrafficVolatility,Severe,1.5,50,10,21010,2026010,data/java_v29_stress/TrafficVolatility/Severe/N50_R10.csv,10,4,10,4,0,0
java_v29_stress,DroneAvailability,Baseline,1.0,50,10,21010,2026010,data/java_v29_stress/DroneAvailability/Baseline/N50_R10.csv,10,4,10,4,0,0
java_v29_stress,DroneAvailability,Mild,0.75,50,10,21010,2026010,data/java_v29_stress/DroneAvailability/Mild/N50_R10.csv,10,3,10,3,0,0
java_v29_stress,DroneAvailability,Moderate,0.5,50,10,21010,2026010,data/java_v29_stress/DroneAvailability/Moderate/N50_R10.csv,10,2,10,2,0,0
java_v29_stress,DroneAvailability,Severe,0.25,50,10,21010,2026010,data/java_v29_stress/DroneAvailability/Severe/N50_R10.csv,10,1,10,1,0,0
java_v29_stress,ArrivalRate,Baseline,1.0,100,10,21010,2026010,data/java_v29_stress/ArrivalRate/Baseline/N100_R10.csv,20,4,20,4,0,0
java_v29_stress,ArrivalRate,Mild,1.25,100,10,21010,2026010,data/java_v29_stress/ArrivalRate/Mild/N100_R10.csv,20,4,20,4,0,0
java_v29_stress,ArrivalRate,Moderate,1.5,100,10,21010,2026010,data/java_v29_stress/ArrivalRate/Moderate/N100_R10.csv,20,4,20,4,0,0
java_v29_stress,ArrivalRate,Severe,2.0,100,10,21010,2026010,data/java_v29_stress/ArrivalRate/Severe/N100_R10.csv,20,4,20,4,0,0
java_v29_stress,FleetAvailability,Baseline,1.0,100,10,21010,2026010,data/java_v29_stress/FleetAvailability/Baseline/N100_R10.csv,20,4,20,4,0,0
java_v29_stress,FleetAvailability,Mild,0.8,100,10,21010,2026010,data/java_v29_stress/FleetAvailability/Mild/N100_R10.csv,16,4,16,4,0,0
java_v29_stress,FleetAvailability,Moderate,0.6,100,10,21010,2026010,data/java_v29_stress/FleetAvailability/Moderate/N100_R10.csv,12,4,12,4,0,0
java_v29_stress,FleetAvailability,Severe,0.4,100,10,21010,2026010,data/java_v29_stress/FleetAvailability/Severe/N100_R10.csv,8,4,12,4,4,16
java_v29_stress,SpatialSpread,Baseline,1.0,100,10,21010,2026010,data/java_v29_stress/SpatialSpread/Baseline/N100_R10.csv,20,4,20,4,0,0
java_v29_stress,SpatialSpread,Mild,0.75,100,10,21010,2026010,data/java_v29_stress/SpatialSpread/Mild/N100_R10.csv,20,4,20,4,0,0
java_v29_stress,SpatialSpread,Moderate,0.5,100,10,21010,2026010,data/java_v29_stress/SpatialSpread/Moderate/N100_R10.csv,20,4,20,4,0,0
java_v29_stress,SpatialSpread,Severe,0.25,100,10,21010,2026010,data/java_v29_stress/SpatialSpread/Severe/N100_R10.csv,20,4,20,4,0,0
java_v29_stress,TrafficVolatility,Baseline,0.0,100,10,21010,2026010,data/java_v29_stress/TrafficVolatility/Baseline/N100_R10.csv,20,4,20,4,0,0
java_v29_stress,TrafficVolatility,Mild,0.5,100,10,21010,2026010,data/java_v29_stress/TrafficVolatility/Mild/N100_R10.csv,20,4,20,4,0,0
java_v29_stress,TrafficVolatility,Moderate,1.0,100,10,21010,2026010,data/java_v29_stress/TrafficVolatility/Moderate/N100_R10.csv,20,4,20,4,0,0
java_v29_stress,TrafficVolatility,Severe,1.5,100,10,21010,2026010,data/java_v29_stress/TrafficVolatility/Severe/N100_R10.csv,20,4,20,4,0,0
java_v29_stress,DroneAvailability,Baseline,1.0,100,10,21010,2026010,data/java_v29_stress/DroneAvailability/Baseline/N100_R10.csv,20,4,20,4,0,0
java_v29_stress,DroneAvailability,Mild,0.75,100,10,21010,2026010,data/java_v29_stress/DroneAvailability/Mild/N100_R10.csv,20,3,20,3,0,0
java_v29_stress,DroneAvailability,Moderate,0.5,100,10,21010,2026010,data/java_v29_stress/DroneAvailability/Moderate/N100_R10.csv,20,2,20,2,0,0
java_v29_stress,DroneAvailability,Severe,0.25,100,10,21010,2026010,data/java_v29_stress/DroneAvailability/Severe/N100_R10.csv,20,1,20,1,0,0
java_v29_stress,ArrivalRate,Baseline,1.0,200,10,21010,2026010,data/java_v29_stress/ArrivalRate/Baseline/N200_R10.csv,40,4,40,4,0,0
java_v29_stress,ArrivalRate,Mild,1.25,200,10,21010,2026010,data/java_v29_stress/ArrivalRate/Mild/N200_R10.csv,40,4,40,4,0,0
java_v29_stress,ArrivalRate,Moderate,1.5,200,10,21010,2026010,data/java_v29_stress/ArrivalRate/Moderate/N200_R10.csv,40,4,40,4,0,0
java_v29_stress,ArrivalRate,Severe,2.0,200,10,21010,2026010,data/java_v29_stress/ArrivalRate/Severe/N200_R10.csv,40,4,40,4,0,0
java_v29_stress,FleetAvailability,Baseline,1.0,200,10,21010,2026010,data/java_v29_stress/FleetAvailability/Baseline/N200_R10.csv,40,4,40,4,0,0
java_v29_stress,FleetAvailability,Mild,0.8,200,10,21010,2026010,data/java_v29_stress/FleetAvailability/Mild/N200_R10.csv,32,4,32,4,0,0
java_v29_stress,FleetAvailability,Moderate,0.6,200,10,21010,2026010,data/java_v29_stress/FleetAvailability/Moderate/N200_R10.csv,24,4,24,4,0,0
java_v29_stress,FleetAvailability,Severe,0.4,200,10,21010,2026010,data/java_v29_stress/FleetAvailability/Severe/N200_R10.csv,16,4,24,4,8,32
java_v29_stress,SpatialSpread,Baseline,1.0,200,10,21010,2026010,data/java_v29_stress/SpatialSpread/Baseline/N200_R10.csv,40,4,40,4,0,0
java_v29_stress,SpatialSpread,Mild,0.75,200,10,21010,2026010,data/java_v29_stress/SpatialSpread/Mild/N200_R10.csv,40,4,40,4,0,0
java_v29_stress,SpatialSpread,Moderate,0.5,200,10,21010,2026010,data/java_v29_stress/SpatialSpread/Moderate/N200_R10.csv,40,4,40,4,0,0
java_v29_stress,SpatialSpread,Severe,0.25,200,10,21010,2026010,data/java_v29_stress/SpatialSpread/Severe/N200_R10.csv,40,4,40,4,0,0
java_v29_stress,TrafficVolatility,Baseline,0.0,200,10,21010,2026010,data/java_v29_stress/TrafficVolatility/Baseline/N200_R10.csv,40,4,40,4,0,0
java_v29_stress,TrafficVolatility,Mild,0.5,200,10,21010,2026010,data/java_v29_stress/TrafficVolatility/Mild/N200_R10.csv,40,4,40,4,0,0
java_v29_stress,TrafficVolatility,Moderate,1.0,200,10,21010,2026010,data/java_v29_stress/TrafficVolatility/Moderate/N200_R10.csv,40,4,40,4,0,0
java_v29_stress,TrafficVolatility,Severe,1.5,200,10,21010,2026010,data/java_v29_stress/TrafficVolatility/Severe/N200_R10.csv,40,4,40,4,0,0
java_v29_stress,DroneAvailability,Baseline,1.0,200,10,21010,2026010,data/java_v29_stress/DroneAvailability/Baseline/N200_R10.csv,40,4,40,4,0,0
java_v29_stress,DroneAvailability,Mild,0.75,200,10,21010,2026010,data/java_v29_stress/DroneAvailability/Mild/N200_R10.csv,40,3,40,3,0,0
java_v29_stress,DroneAvailability,Moderate,0.5,200,10,21010,2026010,data/java_v29_stress/DroneAvailability/Moderate/N200_R10.csv,40,2,40,2,0,0
java_v29_stress,DroneAvailability,Severe,0.25,200,10,21010,2026010,data/java_v29_stress/DroneAvailability/Severe/N200_R10.csv,40,1,40,1,0,0
java_v29_stress,ArrivalRate,Baseline,1.0,300,10,21010,2026010,data/java_v29_stress/ArrivalRate/Baseline/N300_R10.csv,60,4,60,4,0,0
java_v29_stress,ArrivalRate,Mild,1.25,300,10,21010,2026010,data/java_v29_stress/ArrivalRate/Mild/N300_R10.csv,60,4,60,4,0,0
java_v29_stress,ArrivalRate,Moderate,1.5,300,10,21010,2026010,data/java_v29_stress/ArrivalRate/Moderate/N300_R10.csv,60,4,60,4,0,0
java_v29_stress,ArrivalRate,Severe,2.0,300,10,21010,2026010,data/java_v29_stress/ArrivalRate/Severe/N300_R10.csv,60,4,60,4,0,0
java_v29_stress,FleetAvailability,Baseline,1.0,300,10,21010,2026010,data/java_v29_stress/FleetAvailability/Baseline/N300_R10.csv,60,4,60,4,0,0
java_v29_stress,FleetAvailability,Mild,0.8,300,10,21010,2026010,data/java_v29_stress/FleetAvailability/Mild/N300_R10.csv,48,4,48,4,0,0
java_v29_stress,FleetAvailability,Moderate,0.6,300,10,21010,2026010,data/java_v29_stress/FleetAvailability/Moderate/N300_R10.csv,36,4,36,4,0,0
java_v29_stress,FleetAvailability,Severe,0.4,300,10,21010,2026010,data/java_v29_stress/FleetAvailability/Severe/N300_R10.csv,24,4,36,4,12,48
java_v29_stress,SpatialSpread,Baseline,1.0,300,10,21010,2026010,data/java_v29_stress/SpatialSpread/Baseline/N300_R10.csv,60,4,60,4,0,0
java_v29_stress,SpatialSpread,Mild,0.75,300,10,21010,2026010,data/java_v29_stress/SpatialSpread/Mild/N300_R10.csv,60,4,60,4,0,0
java_v29_stress,SpatialSpread,Moderate,0.5,300,10,21010,2026010,data/java_v29_stress/SpatialSpread/Moderate/N300_R10.csv,60,4,60,4,0,0
java_v29_stress,SpatialSpread,Severe,0.25,300,10,21010,2026010,data/java_v29_stress/SpatialSpread/Severe/N300_R10.csv,60,4,60,4,0,0
java_v29_stress,TrafficVolatility,Baseline,0.0,300,10,21010,2026010,data/java_v29_stress/TrafficVolatility/Baseline/N300_R10.csv,60,4,60,4,0,0
java_v29_stress,TrafficVolatility,Mild,0.5,300,10,21010,2026010,data/java_v29_stress/TrafficVolatility/Mild/N300_R10.csv,60,4,60,4,0,0
java_v29_stress,TrafficVolatility,Moderate,1.0,300,10,21010,2026010,data/java_v29_stress/TrafficVolatility/Moderate/N300_R10.csv,60,4,60,4,0,0
java_v29_stress,TrafficVolatility,Severe,1.5,300,10,21010,2026010,data/java_v29_stress/TrafficVolatility/Severe/N300_R10.csv,60,4,60,4,0,0
java_v29_stress,DroneAvailability,Baseline,1.0,300,10,21010,2026010,data/java_v29_stress/DroneAvailability/Baseline/N300_R10.csv,60,4,60,4,0,0
java_v29_stress,DroneAvailability,Mild,0.75,300,10,21010,2026010,data/java_v29_stress/DroneAvailability/Mild/N300_R10.csv,60,3,60,3,0,0
java_v29_stress,DroneAvailability,Moderate,0.5,300,10,21010,2026010,data/java_v29_stress/DroneAvailability/Moderate/N300_R10.csv,60,2,60,2,0,0
java_v29_stress,DroneAvailability,Severe,0.25,300,10,21010,2026010,data/java_v29_stress/DroneAvailability/Severe/N300_R10.csv,60,1,60,1,0,0
